feature,importance
delta_from_minimum_refund_n,3.695654653610203
family_none,3.210952473151153
own_n,2.9174688510604825
delta_from_minimum_n,2.3859622607988835
own_recentcore_active_n_1.5,2.3418862253823747
maximum_refund_age,1.9869518686335605
own_refund_n60,1.683940147977068
own_core_last_due7,1.61180492101495
rank_refund_n,1.59541975548077
own_core_last_due90,1.4265201256975057
own_recentcore_last_due30,1.387871279722432
delta_from_minimum_refund_n60,1.334080635960647
own_recentcore_last_due90,1.2257986082276304
own_text_confidence,1.15292678744041
own_refund_n,1.1231951736024888
own_core_last_due365,1.0935678094200232
own_core_active_n_2.0,0.9929643709700585
own_last_due14,0.9606500849036959
own_refund_age,0.905597553023948
own_core_last_due14,0.9035461232518142
global_generic_fraction,0.8586527466060672
own_core_active_n_1.5,0.857116246276265
own_core_n45,0.8434523907142932
own_core_last_due60,0.7996437995672537
maximum_generic_fraction,0.7798620110213166
own_core_active_n_1.2,0.7468173482852669
family_streaming,0.7417746716725306
rank_refund_n60,0.7378066182214208
own_recentcore_phase_strength365,0.7069933140992405
own_amount_delta,0.6736457731422398
own_phase_strength365,0.6583950257145955
own_recentcore_phase_strength90,0.6138873687351959
own_recentcore_last_due14,0.5992480131214181
own_recentcore_amount_range,0.5531572763814896
minimum2_refund_age,0.5326789325982856
own_n45,0.5323768338972131
own_specific_fraction,0.5217695056969877
own_recentcore_linear_error3,0.4969949230171312
own_recentcore_n60,0.4648344393216863
own_recentcore_first_age,0.4640901561238222
own_recentcore_phase_due365,0.42363508214801904
own_recentcore_last_due60,0.41847110074866456
own_first_age,0.37021509055604096
own_recentcore_age,0.3624987259824512
own_active_n_1.2,0.33521568824989534
own_span,0.3282063003105343
own_gap_error7,0.3272461650781937
own_core_phase_strength365,0.3203505505763669
minimum3_generic_fraction,0.3175674865921775
own_recentcore_last_due7,0.3120899349068692
own_last_due90,0.3099824153495749
own_recentcore_n45,0.3039417752351638
own_core_cadence_missing,0.3019610449468557
own_core_span,0.2992292966209066
rank_core_cadence_active_due,0.2949529077011794
own_recentcore_amount_mad,0.2923332863969774
own_recentcore_phase_due90,0.26687462331914147
delta_from_minimum_mcc_4814,0.2655332575897291
own_amount_range,0.25900291920058666
own_core_first_age,0.25434745215941346
maximum_refund_n,0.251367273247106
delta_from_minimum_mcc_6300,0.24869655154701542
own_recentcore_amount_mean,0.24841050172999235
own_core_last_due30,0.2478830712567773
delta_from_minimum_active_n_2.0,0.24513551610206974
own_recentcore_active_n_1.2,0.24308944667869467
own_active_n_1.5,0.22536165229015429
own_core_age4,0.21844490669937486
maximum_recentcore_amount_cv,0.21833155300788304
own_recentcore_amount_cv,0.2176937311231747
own_recentcore_age1,0.2159905166568121
delta_from_minimum_recentcore_cadence_active_due,0.2106256620389755
own_age4,0.20789238818061664
rank_recentcore_n15,0.20672025224229235
own_recentcore_span,0.2056424171558372
delta_from_minimum_core_first_age,0.2044821664171749
own_last_due30,0.1993111277950831
minimum1_recentcore_first_age,0.1935410063685751
maximum_gap_error60,0.18304350979760803
own_amount_cv,0.18289346822484856
delta_from_minimum_recentcore_gap1,0.17636957694777616
delta_from_minimum_recentcore_linear_error3,0.17565217065790933
own_recentcore_phase_strength7,0.17251472391370137
delta_from_minimum_vague_fraction,0.17247664313070055
global_vague_fraction,0.1720882678920245
delta_from_minimum_recentcore_gap4,0.1699003845811803
delta_from_minimum_recentcore_age2,0.16915700072862824
own_recentcore_amount_med,0.1673891240232956
delta_from_minimum_recentcore_due_gap_mean,0.16517697862009126
minimum1_refund_age,0.16439120835454404
delta_from_minimum_recentcore_amount_mad,0.16378690354970818
minimum2_gap2,0.16261622127930248
delta_from_minimum_phase_strength90,0.1623165457257756
delta_from_minimum_regular_amount,0.16040495227859453
own_recentcore_phase_strength14,0.16007733241440772
own_linear_error3,0.15990860183580696
delta_from_minimum_recentcore_overdue_gap_mean,0.15977284621997034
maximum_recentcore_amount_mad,0.15813079080268178
delta_from_minimum_age,0.15794324325003195
delta_from_minimum_recentcore_gap_error60,0.1564385033247641
delta_from_minimum_phase_due7,0.15430317015371853
own_core_n270,0.15038295438662283
minimum2_span,0.1494823336593404
own_gap2,0.14918024687513376
competitor0_amount_cv,0.1489622217416323
rank_recentcore_due_gap_recent,0.14624502877532702
delta_from_minimum_recentcore_gap_recent,0.14588044079202786
own_core_gap_std,0.14475794456872593
own_phase_due60,0.1441011756667508
delta_from_minimum_recentcore_phase_strength90,0.14235515753949785
maximum_amount_delta,0.1418526150341515
delta_from_minimum_recentcore_phase_due30,0.1418184954537514
rank_recentcore_gap3,0.14003936393414881
delta_from_minimum_core_active_n_2.0,0.13999546322581055
minimum2_core_age5,0.13957479811408013
own_regular_amount,0.1384655837891864
own_core_phase_due7,0.13830247539738588
maximum_recentcore_age4,0.13755184514208124
own_gap_error60,0.13653713076447133
delta_from_minimum_recentcore_gap_last,0.13638828632726335
own_core_cadence_missing_fraction,0.13345010250267586
own_active_n_2.0,0.1331333690177093
minimum2_phase_strength60,0.13196041377223228
delta_from_minimum_recentcore_phase_strength14,0.13182311565386262
delta_from_minimum_recentcore_due_gap_med,0.13117407443592088
rank_mcc_7997,0.1302097423174715
minimum1_recentcore_regular_amount,0.13002918649066778
delta_from_minimum_gap4,0.12930981891823942
delta_from_minimum_core_active_due_1.2,0.1254503620265564
delta_from_minimum_core_fraction,0.12531804592115875
own_core_linear_period3,0.12493694018482182
maximum_core_active_n_1.5,0.12487221082029659
maximum_core_amount_cv,0.12386269821319046
own_phase_due7,0.12125507605922493
own_last_due7,0.12058045832882062
own_vague_fraction,0.12038441055736207
own_amount_mad,0.11909739155336961
own_core_phase_due90,0.11901565153210691
minimum2_recentcore_phase_due365,0.11807390095106723
rank_recentcore_cadence_last_due,0.11751509706804852
own_active_due_1.2,0.11472864522026102
maximum_core_active_n_1.2,0.11454746438028178
rank_core_gap2,0.11448914115346014
own_recentcore_age2,0.11414082954137743
own_recentcore_active_due_1.2,0.1137865249156175
own_amount_last_delta,0.11145710130814762
delta_from_minimum_core_phase_due365,0.11120292774815149
maximum_recentcore_linear_due8,0.10953701827826809
maximum_recentcore_phase_strength60,0.10878249237047699
maximum_age5,0.10745931513103427
delta_from_minimum_core_amount_mad,0.10697564086784936
own_recentcore_phase_strength60,0.10686319525065366
own_recentcore_last_due365,0.1064809323845077
maximum_phase_due7,0.10631859708583104
minimum2_core_active_n_1.2,0.10624694368410036
maximum_core_n270,0.10471725005015284
own_recentcore_phase_strength30,0.1046774746247301
rank_recentcore_linear_due3,0.10365944568232827
maximum_core_active_n_2.0,0.10302677625680015
minimum2_phase_due365,0.1028821754957597
minimum2_recentcore_phase_strength30,0.10211228049831132
delta_from_minimum_recentcore_age5,0.10190898525840282
own_recentcore_n,0.10106367756192336
own_core_phase_strength60,0.10074800187682084
rank_core_active_due_1.2,0.10051438214559814
rank_recentcore_last_due90,0.09990663341960944
rank_core_overdue_gap_mean,0.09829242332532
delta_from_minimum_core_gap3,0.09795727383798224
delta_from_minimum_core_phase_strength7,0.09777877689113827
delta_from_minimum_core_cadence_due,0.09771479655604175
delta_from_minimum_core_amount_last_delta,0.09754172617422215
maximum_core_active_due_2.0,0.096826674186003
delta_from_minimum_text_confidence,0.09658524908249316
minimum1_core_phase_due60,0.09601141345678182
own_generic_fraction,0.09593012054715137
maximum_recentcore_phase_due365,0.09392151616845293
own_recentcore_gap_med,0.09354500672950537
own_age1,0.0929100659401042
minimum1_recentcore_gap_last,0.09288290969988962
own_cadence_error,0.09281988691263156
delta_from_minimum_core_age,0.09232797181344181
own_recentcore_active_n_2.0,0.09140996201749833
own_core_due_gap_recent,0.09101197135192901
delta_from_minimum_recentcore_active_due_1.2,0.09064239402029511
minimum1_recentcore_amount_slope,0.09015990028389191
delta_from_minimum_recentcore_phase_strength7,0.09014089710417332
delta_from_minimum_amount_range,0.08997522651376227
delta_from_minimum_mcc_7997,0.08983387432684359
maximum_age2,0.08896876081926576
rank_core_cadence_last_due,0.08851464208232394
minimum1_active_n_1.2,0.08847943752445112
delta_from_minimum_recentcore_phase_due7,0.08841737928882129
own_recentcore_phase_due14,0.08717661676738245
delta_from_minimum_recentcore_amount_mean,0.08697333642175525
delta_from_minimum_amount_slope,0.08631612778428199
maximum_gap4,0.08524829641299406
own_phase_due365,0.08518043948253202
own_mcc_5732,0.08284812071491394
delta_from_minimum_core_n180,0.08206869853936477
own_linear_error8,0.08193009437243988
minimum2_text_confidence,0.08121417513937554
rank_recentcore_last_due7,0.08101425980820076
minimum3_core_linear_due5,0.08060820411091284
minimum1_gap_error30,0.08023556955997778
delta_from_minimum_age5,0.07998260753111919
own_core_phase_due60,0.07958847794641086
own_gap4,0.07938468715244422
rank_core_amount_delta,0.07924027127591945
own_core_amount_cv,0.0791459095424522
maximum_recentcore_phase_strength90,0.07884562543851974
maximum_core_age4,0.0782228309950642
own_gap_error365,0.07791108467124408
minimum2_linear_error3,0.07787487105421818
rank_core_age,0.0774865747395815
delta_from_minimum_amount_delta,0.07726134206121459
own_recentcore_n120,0.07698323592787891
maximum_recentcore_phase_due90,0.07689114624097841
maximum_phase_due30,0.07673873003172926
maximum_amount_cv,0.07654907802354652
delta_from_minimum_gap_error14,0.07643303649637843
minimum3_core_amount_mad,0.07625245557938556
own_core_phase_strength90,0.07618951843685104
delta_from_minimum_core_phase_strength90,0.0758135241119495
delta_from_minimum_recentcore_last_due30,0.0756909547398411
own_phase_strength60,0.07559231564003234
minimum1_core_phase_strength60,0.07551137619944329
own_core_age2,0.07543019317730691
own_recentcore_phase_due60,0.07542509638832447
minimum2_core_first_age,0.07534260000189207
minimum2_core_gap3,0.07480239046157933
rank_phase_due60,0.07468035670437821
minimum3_core_phase_due90,0.07461493462220624
own_core_amount_slope,0.07446348971699773
own_gap_mean,0.07432436147213536
minimum1_recentcore_phase_due30,0.07418536221159062
delta_from_minimum_recentcore_phase_strength365,0.07412658360160182
delta_from_minimum_core_active_n_1.2,0.07388324497270332
own_phase_strength90,0.07313371607686502
delta_from_minimum_recentcore_span,0.07294466204831646
maximum_recentcore_amount_range,0.07289046841555483
delta_from_minimum_core_active_due_1.5,0.07203543308039378
delta_from_minimum_gap_med,0.07171668915013586
delta_from_minimum_recentcore_last_due60,0.07145393598314596
delta_from_minimum_generic_fraction,0.07108174545853733
own_phase_due90,0.07026249393278584
own_last_due365,0.06979227433480596
delta_from_minimum_phase_due365,0.06941157035290182
maximum_linear_error8,0.0691468169222373
minimum2_linear_error8,0.06899903915763007
delta_from_minimum_core_amount_delta,0.06850110949292515
minimum1_core_amount_slope,0.06843568264004476
minimum1_core_first_age,0.06821178310073726
own_gap_std,0.06819721298798935
maximum_recentcore_active_n_1.5,0.06814038994444926
competitor1_core_age,0.06792561215526487
own_recentcore_n270,0.06790231139879892
own_core_linear_period5,0.06779624340935042
maximum_amount_mad,0.06760690504251186
minimum1_amount_cv,0.06745106142374664
minimum1_core_gap_error60,0.06707395084695283
rank_gap_error7,0.06699049975298259
delta_from_minimum_recentcore_amount_last_delta,0.06695052538304314
delta_from_minimum_amount_mad,0.06681238259497481
own_n60,0.0667204774062625
delta_from_minimum_n270,0.06664163418193603
own_core_gap4,0.06652424441396623
own_recentcore_gap_max,0.06640238401470994
minimum3_phase_due60,0.06633785102132683
rank_recentcore_due_gap_med,0.0656640276320497
own_mcc_6300,0.06555120528509152
own_mcc_4814,0.06531792877560968
own_core_n,0.06520139176091441
minimum2_core_linear_error3,0.06496378973385845
delta_from_minimum_core_cadence_active_due,0.06467369472837445
delta_from_minimum_core_n120,0.06463388212246877
own_core_age3,0.0645290137330808
delta_from_minimum_recentcore_phase_due90,0.06396010872950891
own_core_due_gap_med,0.06379259863337466
maximum_phase_strength14,0.06353790212184987
maximum_overdue_gap_recent,0.06312220092798813
own_age2,0.06267257295374642
delta_from_minimum_phase_due14,0.062126170576598166
minimum3_recentcore_phase_due60,0.06208129960001043
minimum1_first_age,0.061913204986283284
delta_from_minimum_specific_fraction,0.06127156628677866
minimum2_regular_amount,0.06100950444838787
delta_from_minimum_age1,0.06024619472521525
competitor3_core_cadence_due,0.05993640952142447
rank_recentcore_last_due30,0.0598372039196426
own_recentcore_amount_delta,0.05979568913092477
minimum2_phase_strength90,0.059637932512070634
global_total_n,0.05943068913471834
delta_from_minimum_core_n270,0.05920319571579828
own_recentcore_gap3,0.058856150339117834
own_core_phase_due365,0.05814970667275102
own_core_gap3,0.058102815257056975
minimum1_recentcore_gap1,0.058060619169685336
minimum2_specific_fraction,0.05786296506181743
own_recentcore_phase_due7,0.057752033923375266
minimum2_vague_fraction,0.05771665253792765
minimum3_gap_max,0.057419914230516934
delta_from_minimum_recentcore_gap_error30,0.05737672092002623
minimum3_gap2,0.057305388768894676
maximum_core_linear_error3,0.0570975917411461
minimum2_first_age,0.05661414361781219
delta_from_minimum_phase_strength14,0.05624692160613274
own_gap_med,0.055883925625007866
rank_recentcore_last_due365,0.05583678204327702
rank_core_cadence_missing_fraction,0.05563397397737565
minimum1_due_gap_recent,0.05559790624349212
delta_from_minimum_recentcore_last_due14,0.055383578907283806
own_core_gap_error90,0.05538066086850465
minimum1_amount_mean,0.05494456928180045
global_all_age,0.05471614204198461
minimum1_core_regular_amount,0.054694378883609535
minimum1_phase_due365,0.05466465469947884
maximum_core_phase_due60,0.05465320374866013
own_core_linear_error3,0.05411385337782484
maximum_core_gap_error14,0.054000047480225806
maximum_core_gap_max,0.05336609809235104
delta_from_minimum_recentcore_phase_strength60,0.05279114910166015
minimum2_overdue_gap_recent,0.052509982965198626
delta_from_minimum_recentcore_age1,0.0524815611266412
delta_from_minimum_amount_cv,0.05230991101956312
minimum1_phase_due14,0.051570702561568864
minimum3_span,0.05120436018421241
delta_from_minimum_gap3,0.05105046565403395
minimum2_core_phase_due30,0.051037413979978914
rank_recentcore_phase_strength90,0.05097133316854222
rank_core_linear_due3,0.05096796189001322
competitor0_core_amount_cv,0.050437323924489165
delta_from_minimum_recentcore_last_due7,0.05008695781094089
delta_from_minimum_core_span,0.05007622226165003
own_mcc_5734,0.050073024459773935
own_core_amount_last_delta,0.049740481292246536
rank_core_last_due30,0.04966228238465795
delta_from_minimum_linear_error5,0.049612004947511695
rank_recentcore_linear_due8,0.04946515480279963
delta_from_minimum_cadence_error,0.04903063528807578
own_recentcore_age4,0.048894560474608925
competitor0_cadence_error,0.04882509056805512
delta_from_minimum_recentcore_overdue_gap_recent,0.04878679392087586
minimum1_text_confidence,0.04872030092203042
minimum1_cadence_age_ratio,0.04852200499903609
own_linear_due8,0.04846917337448709
maximum_core_amount_range,0.048413836922443616
minimum3_recentcore_phase_strength7,0.04819431410660537
own_amount_slope,0.04796099883323891
minimum1_core_phase_due365,0.04793087144384747
delta_from_minimum_overdue_gap_med,0.047900240388158495
maximum_mcc_5734,0.047871206149733066
minimum1_phase_strength90,0.04758830791564477
maximum_gap_med,0.04749975536571625
minimum1_recentcore_phase_due60,0.047489150036778394
rank_core_phase_due60,0.04731038971959213
minimum3_phase_strength60,0.047143432337122114
own_recentcore_overdue_gap_recent,0.04703352195405106
delta_from_minimum_recentcore_amount_delta,0.04694236543397033
own_recentcore_gap_error60,0.0463429295102431
delta_from_minimum_core_linear_due5,0.045597543872140385
delta_from_minimum_active_due_1.2,0.04551072174480166
own_overdue_gap_mean,0.0453076284996872
own_recentcore_gap_error90,0.04524392497880456
minimum3_amount_range,0.045015851461229134
rank_recentcore_overdue_gap_mean,0.04467245989536648
minimum2_recentcore_phase_strength365,0.044668476096177974
own_recentcore_due_gap_mean,0.04448365230478337
own_cadence_due,0.044468645892688057
minimum1_recentcore_linear_period3,0.044310358760714236
minimum2_recentcore_n15,0.04421678236582039
minimum1_amount_mad,0.04391085934513924
own_core_age5,0.043859498163931844
minimum1_recentcore_gap_error90,0.04384797274753587
competitor0_core_n,0.043668547406962424
own_recentcore_gap_recent,0.04348532530110524
maximum_active_due_2.0,0.043480432375076046
minimum1_amount_slope,0.043430626369387826
maximum_gap_error14,0.04341447468514562
delta_from_minimum_first_age,0.04322654543749307
delta_from_minimum_overdue_gap_recent,0.04305530962296715
minimum1_phase_due90,0.042981783781572906
rank_core_n30,0.04283991517023227
minimum2_core_active_n_2.0,0.04277962062986122
delta_from_minimum_core_phase_strength14,0.04250828288736924
own_recentcore_linear_error5,0.04250796073646946
global_history_age,0.0422743169534608
delta_from_minimum_phase_strength365,0.04219817144548062
delta_from_minimum_amount_last,0.04201532404739823
rank_generic_fraction,0.042005860685386094
minimum1_core_linear_period3,0.04197683261148987
competitor0_refund_n,0.04194100308255252
delta_from_minimum_recentcore_last_due365,0.04190064633930098
own_gap_error14,0.04185958679358188
own_linear_due3,0.04175342319568875
minimum3_core_phase_due60,0.04174241707457745
minimum1_core_phase_strength90,0.04171886588623894
rank_core_overdue_gap_med,0.041578698849689066
minimum2_amount_range,0.04135122356761956
minimum3_age5,0.041226595560773106
own_mcc_7997,0.04121046075282428
minimum1_core_gap3,0.040976750342470475
minimum1_recentcore_due_gap_med,0.04093842571153353
minimum1_core_amount_delta,0.04058368612861266
maximum_gap_error7,0.04042177176015942
maximum_recentcore_age,0.04035302092160881
maximum_recentcore_gap_max,0.0402138241957677
minimum3_core_age4,0.040191826085646434
own_gap_error90,0.0401263463380213
minimum1_age3,0.040098734758205495
delta_from_minimum_recentcore_gap_error14,0.04009363892381835
minimum3_core_amount_range,0.03995161186649537
delta_from_minimum_recentcore_gap_error7,0.03969905416220931
maximum_recentcore_age3,0.039648024172455366
delta_from_minimum_recentcore_phase_due60,0.03961401115463961
delta_from_minimum_recentcore_linear_due8,0.03932922576013064
maximum_recentcore_gap4,0.039237155068552215
maximum_gap_error30,0.03904922683414744
delta_from_minimum_core_cadence_missing,0.03903132871426388
minimum1_core_gap2,0.038611282686773905
own_recentcore_gap_std,0.03859503744136883
delta_from_minimum_core_n,0.038565088949446755
minimum2_recentcore_phase_due60,0.03851455539797298
minimum3_phase_due7,0.038490941882519614
maximum_gap2,0.03841599800731858
rank_phase_due30,0.03833558055240729
maximum_core_age5,0.038310258082513975
own_core_linear_error8,0.03827428817432801
minimum2_core_phase_due60,0.038180201750468136
delta_from_minimum_core_last_due60,0.038092717309250644
rank_recentcore_overdue_gap_med,0.037973252690088735
minimum2_core_gap4,0.03792754711529317
rank_recentcore_phase_strength365,0.03784320616895421
competitor2_cadence_due,0.03768890743759819
minimum2_recentcore_gap4,0.03747143038837126
delta_from_minimum_core_phase_due90,0.03746941259056183
minimum1_core_linear_due3,0.0374069276487592
delta_from_minimum_recentcore_cadence_missing,0.03740132303935954
minimum2_recentcore_age5,0.03729741061303879
minimum3_core_first_age,0.03719908149756399
delta_from_minimum_core_gap2,0.03694261670958042
delta_from_minimum_phase_due60,0.03693114122494853
rank_linear_due3,0.03692352774355133
minimum1_gap_error60,0.03664857628842037
minimum2_recentcore_phase_strength14,0.03661964250194378
own_linear_period5,0.03649291333510353
own_cadence_missing,0.03645033152320865
own_overdue_gap_recent,0.03625237520439063
family_mobile,0.03619950018173741
delta_from_minimum_recentcore_gap_max,0.03614480640995576
minimum3_gap_std,0.03612617984857322
delta_from_minimum_gap_error60,0.03594640285463932
own_recentcore_cadence_missing,0.03585621345190043
maximum_recentcore_cadence_active_due,0.035621465023751776
maximum_core_gap2,0.03560648291484943
own_n180,0.035579568174872324
own_core_linear_period8,0.035546157236321464
minimum3_phase_due365,0.03554325446618681
minimum1_phase_due60,0.03537605240716045
minimum1_recentcore_phase_strength60,0.03531650566237927
minimum2_recentcore_phase_due7,0.03528077284553907
minimum1_recentcore_linear_error3,0.035061400898900384
competitor1_age,0.035060351038334374
minimum2_phase_strength365,0.03504552805725681
maximum_active_n_1.5,0.03499786075643215
global_n_refunds,0.03499249686291313
rank_core_cadence_missing,0.03497965198631914
delta_from_minimum_recentcore_active_due_1.5,0.03493567770753181
delta_from_minimum_n90,0.034901483005974086
minimum1_cadence_due,0.03483032308766212
rank_recentcore_active_due_1.2,0.03481149645017835
maximum_active_due_1.5,0.03477991993349637
maximum_age3,0.03468578744242505
delta_from_minimum_gap2,0.03467001716649314
maximum_recentcore_active_n_1.2,0.0346350958621051
maximum_recentcore_phase_due60,0.03453796524258142
delta_from_minimum_linear_period8,0.03440840577876837
maximum_core_phase_due7,0.034332111737779
own_recentcore_gap2,0.03427231399571781
own_core_gap_error30,0.034131886031107415
own_n30,0.033952291608660694
minimum3_recentcore_phase_due90,0.03394070432032058
minimum2_recentcore_cadence_missing_fraction,0.03394062134554647
own_amount_last,0.03389617831715927
delta_from_minimum_cadence_missing,0.033721987946714965
own_recentcore_amount_slope,0.03362427999112949
own_core_n180,0.03352021264843793
delta_from_minimum_core_last_due14,0.03347157132400157
minimum1_phase_strength365,0.033434378725109605
minimum3_amount_mad,0.033349412900370135
own_due_gap_med,0.033223302415028876
maximum_recentcore_age2,0.03316137124100186
delta_from_minimum_core_linear_due3,0.03314041428117697
delta_from_minimum_recentcore_linear_error8,0.03304452750231755
maximum_recentcore_cadence_error,0.03285776393011176
maximum_gap_min,0.03258937483669726
minimum2_recentcore_phase_due90,0.032541161917494454
minimum2_cadence_due,0.032421119417648386
delta_from_minimum_linear_error8,0.032134033259069376
minimum1_linear_error3,0.03202240738051047
rank_recentcore_age,0.03185383358067305
delta_from_minimum_core_amount_mean,0.031754932932078705
delta_from_minimum_core_linear_error8,0.03172366075874623
minimum3_first_age,0.03172099306722916
maximum_span,0.03160127477885404
minimum1_gap_std,0.03156128716312781
own_phase_strength7,0.03139639903186922
minimum3_recentcore_amount_mean,0.03138074640338722
delta_from_minimum_gap_min,0.031312133058123914
delta_from_minimum_core_linear_due8,0.03123614423562745
minimum2_amount_cv,0.031228463759498868
maximum_amount_last_delta,0.031204621376792755
own_recentcore_linear_due8,0.031164571077006705
own_recentcore_gap_error7,0.031101263242462436
delta_from_minimum_core_phase_due60,0.031078831416171817
minimum2_core_span,0.031030504895093687
delta_from_minimum_phase_due90,0.03098177223093957
delta_from_minimum_core_amount_range,0.030941698385356077
minimum3_core_last_due30,0.03082861137546637
rank_n15,0.0307868605183848
own_cadence_active_due,0.030769453342330746
rank_recentcore_due_gap_mean,0.03075506755110823
own_recentcore_cadence_due,0.03072899708428935
minimum2_recentcore_phase_due14,0.030716459604408806
maximum_recentcore_overdue_gap_recent,0.03064445061119881
own_gap_last,0.030609282004081164
minimum3_linear_error8,0.030511329702375897
maximum_recentcore_first_age,0.030507438284285694
rank_text_confidence,0.030441094832661685
own_cadence_last_due,0.03036540816864019
minimum2_amount_mean,0.030333938473312807
rank_recentcore_phase_due14,0.030296301742273005
delta_from_minimum_recentcore_active_n_2.0,0.030217899984901146
delta_from_minimum_recentcore_amount_slope,0.030199202890540344
rank_recentcore_last_due60,0.03015840763128358
delta_from_minimum_phase_due30,0.030101603172920377
delta_from_minimum_core_gap4,0.030084973881041574
maximum_mcc_6300,0.02996115594331724
own_core_gap_error7,0.029960367819953215
minimum2_recentcore_linear_error3,0.02978952879373166
own_core_amount_delta,0.029698331607698816
minimum1_amount_last_delta,0.02968527877813049
rank_recentcore_gap1,0.029676795382995308
minimum1_recentcore_amount_range,0.029631573941108328
minimum3_amount_med,0.02942353018283285
maximum_core_linear_period8,0.0294100779244987
own_recentcore_cadence_missing_fraction,0.02929380688058822
maximum_recentcore_active_due_1.5,0.02928536989800514
own_gap3,0.02908776664271469
rank_phase_due7,0.029085201083639507
minimum2_amount_mad,0.029083180843138885
maximum_text_confidence,0.029040709144882864
own_recentcore_active_due_1.5,0.028964646520849027
minimum1_cadence_slope,0.02881604462130038
minimum3_recentcore_gap3,0.02877470047977389
minimum2_amount_last,0.028719278767205685
global_assigned_fraction,0.028654377865632
delta_from_minimum_recentcore_linear_period3,0.028603216247335642
minimum1_phase_due30,0.028530775163103282
minimum3_recentcore_gap_error7,0.028487630982053914
minimum2_core_gap_error365,0.028453501139162857
delta_from_minimum_gap_max,0.02821427608537538
competitor2_core_active_due_1.5,0.028114666812849857
minimum2_recentcore_last_due30,0.028035250272255362
own_phase_strength30,0.027983048687606107
maximum_core_amount_delta,0.02788973463574089
minimum3_core_phase_due30,0.027765755014506652
own_recentcore_gap_last,0.027752347035499125
minimum2_gap3,0.02769354047861058
minimum2_recentcore_amount_med,0.027624160075088597
maximum_recentcore_linear_error3,0.02761578421412336
rank_recentcore_age4,0.027555153279961032
minimum1_recentcore_amount_delta,0.02747753392602929
own_core_overdue_gap_mean,0.027470934510502698
delta_from_minimum_recentcore_last_due90,0.027368065801772676
maximum_phase_due60,0.027312091173013933
maximum_core_linear_error8,0.027232320618939706
delta_from_minimum_recentcore_amount_range,0.027186363019248927
own_core_gap2,0.02707526116045736
minimum2_core_age3,0.027022471858615428
own_core_cadence_active_due,0.02690479720493928
minimum2_age3,0.026765490347801502
own_core_phase_due14,0.026686789641425283
own_core_gap_error365,0.02655245717662578
minimum1_core_due_gap_recent,0.02653209902611456
delta_from_minimum_active_n_1.5,0.026511605081798492
maximum_gap_std,0.026478491965868663
minimum1_phase_due7,0.026452777840765617
maximum_amount_last,0.02641065035645007
minimum1_recentcore_phase_due365,0.02638442118012409
rank_mcc_6300,0.026321515299942765
minimum2_recentcore_cadence_age_ratio,0.026294489231153906
competitor0_cadence_due,0.02624450559516311
maximum_overdue_gap_med,0.026204644672585712
minimum1_gap_min,0.026197036179809043
delta_from_minimum_core_amount_last,0.026186878402475824
maximum_phase_strength90,0.026086725358862847
maximum_recentcore_amount_last_delta,0.026080464845200997
maximum_recentcore_gap_min,0.026037364430161438
minimum1_core_age4,0.02591418513200847
maximum_regular_amount,0.025802990832247737
own_gap_error30,0.025781540631580765
minimum1_gap_error7,0.025749322777330313
delta_from_minimum_core_age2,0.02564575419842909
delta_from_minimum_recentcore_regular_amount,0.02564302436157782
own_gap_min,0.025629231131098638
minimum2_age,0.025505499707748385
minimum3_last_due90,0.02548777973480329
minimum2_recentcore_span,0.025485816038914325
delta_from_minimum_overdue_gap_mean,0.025462979824113764
minimum3_recentcore_first_age,0.025414653474158676
minimum1_core_cadence_error,0.02521730943266285
maximum_amount_range,0.02516483495134237
rank_core_cadence_due,0.02496434478887309
maximum_core_phase_due90,0.024881691024212817
delta_from_minimum_core_phase_strength365,0.02482036249666012
maximum_linear_error3,0.02479494516110997
delta_from_minimum_core_gap_error90,0.024649792999735732
maximum_cadence_age_ratio,0.024574891788244357
maximum_recentcore_phase_strength30,0.024544806098145806
delta_from_minimum_core_gap1,0.02445795605171123
minimum1_phase_strength14,0.02445494061016602
delta_from_minimum_recentcore_n120,0.024434441288922845
maximum_recentcore_cadence_slope,0.02436281375082351
maximum_core_n120,0.02429204314475998
minimum3_amount_cv,0.02428753295052627
delta_from_minimum_core_amount_med,0.02428626804221674
minimum2_due_gap_mean,0.02427600640697587
own_core_fraction,0.024253664831271064
minimum1_recentcore_last_due30,0.024071121123541643
maximum_cadence_slope,0.02399015454656268
maximum_recentcore_gap_last,0.023965929628162866
minimum1_linear_due3,0.023961542477730982
own_core_due_gap_mean,0.02395801442488881
minimum1_recentcore_gap_error14,0.023917522230237572
maximum_core_amount_last_delta,0.02391589120674438
delta_from_minimum_phase_strength30,0.023887223600814834
maximum_core_gap_min,0.023883806561450713
rank_core_gap_std,0.02371259264701407
rank_recentcore_cadence_age_ratio,0.023710819488895137
own_recentcore_cadence_active_due,0.023538424828640533
rank_recentcore_cadence_active_due,0.02352793873483909
maximum_gap1,0.02338309244668116
minimum1_age4,0.023380333667626117
minimum2_phase_strength30,0.0233219925394205
rank_recentcore_age5,0.02325673381074614
maximum_linear_due8,0.02323709183237969
delta_from_minimum_cadence_slope,0.023224808654402494
minimum1_recentcore_overdue_gap_med,0.02318645654029501
minimum1_linear_period8,0.023135801078033768
own_core_linear_due8,0.022980560839072364
minimum2_due_gap_med,0.022934694993445345
delta_from_minimum_recentcore_age3,0.022881298773611083
rank_recentcore_last_due14,0.022872695459634586
minimum3_core_amount_cv,0.022812898668623738
own_core_linear_error5,0.022803451582975396
minimum1_core_active_due_1.2,0.02275065652120642
minimum3_recentcore_gap4,0.02270274833206785
rank_due_gap_recent,0.02269634477938679
delta_from_minimum_core_phase_strength30,0.02267647691960772
minimum2_linear_error5,0.02258168706296737
rank_core_due_gap_recent,0.022468947530163173
maximum_core_cadence_age_ratio,0.02229109334799727
delta_from_minimum_core_due_gap_recent,0.02223693161699569
minimum3_core_phase_due14,0.02219309311725907
delta_from_minimum_recentcore_n,0.02201527001835608
minimum2_recentcore_active_n_2.0,0.021953750419154597
delta_from_minimum_core_linear_error5,0.02189054797462172
minimum1_core_linear_period8,0.02178063847244243
rank_amount_slope,0.02174219901279867
own_core_active_due_1.2,0.021724196017055008
minimum1_recentcore_cadence_error,0.021718182647155696
minimum2_linear_due5,0.021563322095095743
maximum_core_gap_std,0.021524400810104087
delta_from_minimum_recentcore_phase_strength30,0.02146055942239163
rank_core_amount_range,0.021400742455620157
own_recentcore_n90,0.0213852621770472
own_core_cadence_error,0.02134426058851067
maximum_gap_error90,0.021233742082936942
rank_core_gap3,0.02120318322940494
minimum3_recentcore_gap_error30,0.021121646348969833
minimum1_recentcore_phase_strength7,0.021105065024119192
minimum1_phase_strength7,0.021043674584494895
minimum2_linear_period3,0.02103746510192312
rank_core_active_n_1.2,0.0210344226334466
delta_from_minimum_amount_last_delta,0.02099425749383098
maximum_core_gap_last,0.020991706917452575
delta_from_minimum_core_phase_due30,0.020933054387799886
own_cadence,0.020875912903241214
delta_from_minimum_core_gap_max,0.020863068283612497
delta_from_minimum_gap_error30,0.020825377207508877
maximum_phase_due90,0.020793504097846832
rank_regular_amount,0.020735374931363803
maximum_recentcore_amount_slope,0.020731634736836705
own_core_gap_error60,0.020731109395053886
minimum1_recentcore_linear_due5,0.020660682344447383
rank_recentcore_linear_due5,0.020621769040900833
minimum1_recentcore_phase_strength90,0.02059779711904561
minimum2_generic_fraction,0.02059513780293152
minimum2_core_cadence_error,0.020592573394557164
rank_age2,0.020562333815647982
delta_from_minimum_span,0.02049675151430741
delta_from_minimum_core_last_due7,0.020448620044574616
minimum1_gap_error90,0.020424570916979013
minimum2_recentcore_gap_error60,0.020269601191476836
minimum2_core_phase_due365,0.020263385421169074
rank_core_n,0.020221183180671776
minimum2_phase_due14,0.020203180554330506
minimum3_gap_error14,0.020166163754259177
minimum2_phase_strength14,0.020162974404207078
rank_recentcore_linear_period8,0.020159250497467245
minimum2_recentcore_gap_error90,0.02007910311359405
delta_from_minimum_recentcore_n270,0.02005379825798446
minimum1_gap_error14,0.019998253834492958
minimum1_recentcore_age,0.01999640255156274
maximum_core_gap_error7,0.019962877800793408
delta_from_minimum_recentcore_linear_error5,0.01993410643526407
rank_due_gap_med,0.019829755308850706
delta_from_minimum_core_overdue_gap_recent,0.019806446006024388
maximum_core_gap_med,0.019794885769579544
minimum1_gap_med,0.01977072376466713
rank_n30,0.019768093651936134
delta_from_minimum_recentcore_gap_error90,0.01972142852347945
minimum2_linear_period5,0.019670004684351462
minimum1_gap3,0.019616082324180183
minimum2_gap4,0.01958489911412762
minimum1_recentcore_gap3,0.019499460877222017
maximum_recentcore_amount_mean,0.019491188908301073
delta_from_minimum_linear_due3,0.01940757090710344
minimum2_core_phase_strength90,0.019383555262298357
maximum_first_age,0.01934289790979276
rank_linear_period3,0.019301606458033835
maximum_cadence_error,0.019233047193530105
maximum_cadence_missing_fraction,0.019206549405998193
minimum2_recentcore_phase_due30,0.01919378795153089
rank_age5,0.01916743894867361
minimum1_due_gap_med,0.019158706518320218
maximum_recentcore_gap1,0.019152552441146165
delta_from_minimum_recentcore_cadence_age_ratio,0.019132456336918627
maximum_amount_mean,0.01911792111966769
minimum3_gap_error365,0.019113417422301326
minimum1_core_gap_error14,0.019101450351092925
minimum3_recentcore_age4,0.019058757435984015
maximum_core_last_due90,0.019040579038982007
delta_from_minimum_recentcore_gap_error365,0.019018900787389808
own_recentcore_age5,0.01900932486259874
minimum2_cadence_slope,0.01887734280656894
delta_from_minimum_linear_error3,0.01887291935105774
family_software,0.018869151930353815
minimum3_core_linear_error8,0.018859887207319376
minimum1_gap1,0.01885090589002556
minimum1_core_amount_last_delta,0.01883999572576871
minimum1_gap_last,0.018810544574893326
delta_from_minimum_cadence_last_due,0.01880217701714578
minimum3_active_n_2.0,0.01878110443168992
own_recentcore_gap1,0.018771887366478696
minimum1_active_n_1.5,0.01876819786220681
delta_from_minimum_core_cadence_missing_fraction,0.01868130051187191
own_core_amount_range,0.01865962130376051
minimum1_recentcore_gap_min,0.01859146353053137
minimum3_core_gap_std,0.018548851895477458
delta_from_minimum_last_due60,0.0185200753678121
maximum_recentcore_phase_due7,0.01848365327412776
minimum1_core_linear_error5,0.018396089189396055
delta_from_minimum_core_last_due365,0.01839248511064014
minimum1_recentcore_last_due7,0.018362049859057532
minimum2_core_n,0.018323117563437234
delta_from_minimum_core_overdue_gap_mean,0.018310730413516517
own_core_active_due_2.0,0.01824562423236416
maximum_core_cadence_error,0.018189719549780572
rank_core_phase_strength90,0.018182736003110656
minimum3_gap_error90,0.017980886885160825
maximum_recentcore_overdue_gap_mean,0.017938271421431496
delta_from_minimum_recentcore_overdue_gap_med,0.01789852989575676
minimum2_recentcore_gap_std,0.017831661828950147
minimum3_phase_strength30,0.01782844034940363
maximum_core_phase_due30,0.01779232577870524
minimum1_recentcore_gap_recent,0.017785099128176145
delta_from_minimum_recentcore_age,0.01776509204083569
minimum2_amount_med,0.0177183157253138
delta_from_minimum_active_due_2.0,0.01771488565256824
rank_phase_due90,0.017699979009318904
maximum_recentcore_n30,0.017689051082351612
rank_core_phase_due90,0.017605666436461897
delta_from_minimum_phase_strength60,0.017587550416925894
maximum_core_amount_slope,0.017547310568700777
minimum1_recentcore_phase_strength365,0.017539988383872437
minimum1_core_linear_due5,0.017417731139065116
minimum3_gap_med,0.017380724089923142
delta_from_minimum_recentcore_amount_last,0.017339307468872918
maximum_core_span,0.0173203014557321
own_linear_due5,0.017303678211039553
maximum_core_phase_strength7,0.01727608146933352
delta_from_minimum_recentcore_active_n_1.2,0.017265149599782644
delta_from_minimum_amount_mean,0.01721711534911624
own_core_gap_min,0.017169367835800618
own_active_due_1.5,0.017141947224097828
rank_age,0.017136225168155696
delta_from_minimum_recentcore_gap2,0.01710876305130413
minimum1_regular_amount,0.017081520562204765
minimum2_core_phase_strength60,0.01706582747465109
maximum_core_phase_strength365,0.017064715730423327
competitor3_cadence_due,0.01699082414067238
rank_core_gap_error365,0.016952512395233557
delta_from_minimum_gap1,0.01694761732705264
minimum1_linear_due8,0.016894035495987413
maximum_recentcore_amount_last,0.01688258919392988
minimum1_core_phase_strength7,0.01675632736451784
own_recentcore_amount_last_delta,0.01675484430592077
minimum1_recentcore_age2,0.016738615600738773
minimum1_recentcore_last_due365,0.016695937366625942
own_amount_mean,0.016643158087933593
minimum1_last_due365,0.016563780657021295
minimum2_recentcore_linear_period3,0.016556606765896632
own_recentcore_age3,0.016470824041480082
rank_core_amount_med,0.01643174878844681
own_core_amount_mean,0.016352089392437895
own_last_due60,0.016329498737717132
minimum3_core_overdue_gap_mean,0.016275450061417222
minimum3_core_gap_error14,0.016230358833998277
maximum_phase_strength365,0.016139155718322022
minimum1_cadence_active_due,0.016022111729573286
maximum_recentcore_linear_due3,0.016001583559492962
minimum3_core_gap2,0.01593929495587867
maximum_core_amount_med,0.01590772729480838
minimum1_recentcore_due_gap_recent,0.015860306817385025
minimum3_core_amount_delta,0.015855892825641447
minimum3_core_active_n_1.5,0.015792796852694854
minimum2_recentcore_overdue_gap_recent,0.015767618723287916
rank_cadence_error,0.015763969878635986
rank_core_n60,0.01573747481269318
own_core_gap_error14,0.01572547478179297
minimum2_core_age,0.015627093458708444
maximum_cadence_active_due,0.015618422626490892
maximum_core_cadence_active_due,0.015585982322664919
delta_from_minimum_core_gap_recent,0.015568188571712688
minimum2_recentcore_active_n_1.5,0.015563844191614317
minimum3_age2,0.015551779742985414
maximum_amount_med,0.0155486164144777
own_core_overdue_gap_recent,0.015526589926769724
maximum_recentcore_span,0.015488132698815825
minimum3_recentcore_age3,0.015402825734351172
minimum3_core_gap_min,0.015373378543936032
rank_gap_error30,0.015347394892928424
delta_from_minimum_recentcore_cadence_slope,0.015340172273381497
delta_from_minimum_core_amount_cv,0.015299252131714767
minimum3_recentcore_amount_last_delta,0.015236425061256664
delta_from_minimum_n60,0.01522807325559423
maximum_core_amount_mad,0.01520206495604723
minimum2_recentcore_linear_error8,0.015149044825490312
minimum1_specific_fraction,0.015074179588650566
maximum_refund_n60,0.01505432938629661
minimum2_recentcore_amount_last_delta,0.01505387356021944
minimum2_phase_due7,0.015037755365601506
rank_n60,0.015026736909658821
maximum_phase_due14,0.014937740549274875
competitor2_age,0.014880188499351164
own_n120,0.014860798728187576
maximum_linear_period3,0.014812435994079397
delta_from_minimum_recentcore_linear_period8,0.014733001313000777
minimum3_cadence_error,0.014720982280079299
minimum2_cadence_last_due,0.014714019152177377
own_core_phase_strength30,0.01465870265067815
minimum1_core_active_n_1.2,0.014651343765203266
competitor1_gap_med,0.014630294483050003
rank_core_amount_slope,0.01462748776938079
family_insurance,0.014625765732669677
minimum3_age4,0.014621694497354865
maximum_core_cadence_missing_fraction,0.014615319046072743
delta_from_minimum_recentcore_age4,0.01460650713460357
minimum3_core_cadence_age_ratio,0.014537617405877936
minimum1_phase_strength30,0.014535384090317155
minimum2_amount_delta,0.014480608873493766
delta_from_minimum_core_last_due30,0.01447182016302853
minimum1_recentcore_gap_med,0.014468438389737076
rank_recentcore_active_due_1.5,0.014440361316737085
maximum_core_age3,0.014386338877487926
minimum2_recentcore_overdue_gap_mean,0.014324991410458367
minimum2_gap1,0.014224848052472136
minimum1_core_phase_due7,0.014208845073923405
rank_age4,0.014201480263823346
delta_from_minimum_recentcore_phase_due365,0.014166141443884988
rank_cadence_due,0.014155075324000626
delta_from_minimum_core_phase_strength60,0.014081241969896045
minimum2_recentcore_last_due7,0.014077686117574166
rank_core_age3,0.014051445199548563
delta_from_minimum_recentcore_gap_std,0.01404216991236162
minimum1_recentcore_gap_error60,0.01403916161595385
minimum3_core_phase_strength365,0.014034694749481873
maximum_gap_recent,0.013949665565956292
maximum_overdue_gap_mean,0.01392955318406914
minimum2_recentcore_phase_strength60,0.01392328900094984
minimum3_recentcore_last_due90,0.013827396561093332
own_core_overdue_gap_med,0.01381949499880264
minimum1_active_due_1.2,0.013814833187877372
rank_cadence_missing,0.013796722019495533
minimum2_core_gap_error7,0.013774415910998358
minimum2_core_gap_error90,0.013766767824260522
delta_from_minimum_core_phase_due14,0.01376179676486145
minimum2_recentcore_cadence_due,0.013761226566437267
rank_phase_due14,0.01374759400953102
minimum1_recentcore_linear_error8,0.013730572068164686
minimum3_core_active_due_2.0,0.013698574876446191
delta_from_minimum_core_age3,0.013696930001826733
delta_from_minimum_gap_error7,0.013652487277656765
rank_active_due_1.5,0.013638504654780285
maximum_gap_last,0.01356840254359105
own_core_amount_med,0.013567592404138752
minimum1_recentcore_linear_period5,0.01355897927304718
own_recentcore_n180,0.013542551582576575
rank_core_cadence_slope,0.013490971552312284
minimum2_last_due90,0.013479891193642268
minimum2_core_last_due30,0.013427044558820047
minimum1_active_due_2.0,0.013412216823706096
minimum3_core_linear_error5,0.013387676780108163
minimum3_recentcore_active_n_1.5,0.013374842149484423
maximum_core_linear_period3,0.013344038786596407
own_recentcore_linear_period3,0.013335805149869966
minimum2_recentcore_linear_period5,0.013306237413123163
rank_first_age,0.013218020813540843
competitor3_amount_cv,0.01320948356554621
maximum_phase_due365,0.013209251692691205
minimum1_core_n120,0.013167139304217293
minimum3_core_phase_strength60,0.013159778303760913
maximum_recentcore_regular_amount,0.013125364071270403
minimum3_core_overdue_gap_med,0.013116170962707974
delta_from_minimum_cadence_missing_fraction,0.01308203956500077
minimum2_core_linear_error5,0.013074318590953784
minimum1_gap2,0.01306263817911918
minimum3_core_phase_due365,0.013060922718740459
minimum2_recentcore_gap_mean,0.013014288094560698
rank_core_n270,0.013008280485663364
minimum3_core_amount_last,0.012905728039343334
minimum2_recentcore_first_age,0.01289770288180192
minimum1_recentcore_gap_error365,0.012893543692656086
own_gap1,0.012890144483771035
delta_from_minimum_core_phase_due7,0.01277735405335566
own_core_gap1,0.012710899848524365
minimum3_due_gap_mean,0.012703858959091726
minimum1_core_gap_min,0.012682310547172072
competitor2_core_n,0.012666998487157854
rank_n270,0.012547425394476817
delta_from_minimum_core_due_gap_med,0.012539280370166437
minimum3_core_linear_period3,0.012530071524716515
minimum3_recentcore_amount_delta,0.01250673612179402
maximum_last_due365,0.012493510326761353
own_recentcore_linear_period8,0.012488352119323419
maximum_core_phase_strength14,0.012438396162815446
minimum1_age2,0.012432144274393922
rank_core_due_gap_med,0.012414865877508268
minimum3_gap1,0.012392829169097131
minimum3_linear_due8,0.012387189711592623
minimum1_gap_mean,0.01230237465205361
minimum3_recentcore_due_gap_med,0.012290697426697911
minimum1_recentcore_phase_due90,0.01225257717790398
minimum3_gap3,0.012190152010952767
minimum2_core_amount_last_delta,0.012176176385981848
minimum2_mcc_5732,0.012135665973565373
delta_from_minimum_cadence_active_due,0.012103591070939581
minimum1_recentcore_due_gap_mean,0.012081715477178338
minimum3_phase_strength365,0.012073266378326166
maximum_recentcore_cadence_age_ratio,0.012061285954387529
own_core_n60,0.011957111373980674
rank_core_amount_mad,0.011944108223375079
minimum3_cadence_last_due,0.011913534386262213
rank_core_last_due90,0.011907954095829244
minimum1_core_phase_strength365,0.01186539206624325
rank_mcc_5734,0.011832047109535004
maximum_recentcore_age5,0.011792495454926987
minimum1_recentcore_cadence_due,0.011747991178109237
maximum_core_due_gap_mean,0.011591493043107214
own_core_amount_mad,0.011514575169910252
own_core_phase_strength7,0.0115100211545619
own_due_gap_recent,0.011459659719446916
delta_from_minimum_last_due14,0.011453776152830886
minimum3_recentcore_linear_error3,0.011388847593708446
delta_from_minimum_amount_med,0.011340435153481588
minimum1_linear_period5,0.011300093965458004
minimum3_core_cadence_last_due,0.011255724619147894
minimum2_core_phase_strength30,0.011247908435546699
minimum3_gap_mean,0.011208424110805568
minimum2_gap_max,0.01119407358124823
delta_from_minimum_last_due90,0.01119015400678646
minimum1_gap4,0.011149809378878814
own_core_gap_recent,0.011145454893539764
delta_from_minimum_due_gap_mean,0.01105794263107701
minimum1_core_amount_med,0.01105164342637136
minimum3_core_n270,0.011007309153053837
own_recentcore_cadence_age_ratio,0.011001654692693787
rank_recentcore_amount_mean,0.010990753916857868
minimum2_recentcore_n45,0.010990105559444305
minimum1_overdue_gap_recent,0.010950052756761945
minimum3_recentcore_phase_strength14,0.01094169943960962
delta_from_minimum_core_active_n_1.5,0.010929025058752729
minimum1_n270,0.010928909145385734
rank_gap4,0.010924804578006082
minimum3_active_due_1.2,0.01090855757050659
rank_due_gap_mean,0.010900544160121248
rank_recentcore_active_due_2.0,0.010871143004443987
delta_from_minimum_recentcore_gap_mean,0.01086224223587924
delta_from_minimum_linear_period5,0.010861938460268464
minimum3_core_gap3,0.010855750370702657
rank_cadence_last_due,0.010845588606510288
rank_core_gap1,0.010842005818619254
minimum3_mcc_5732,0.0108394308084355
minimum3_phase_due90,0.010836507611112822
rank_recentcore_first_age,0.010826412551393973
competitor0_age,0.010792913845022095
minimum3_recentcore_cadence_error,0.01075380345329547
minimum3_recentcore_amount_last,0.01073579757702286
maximum_gap_error365,0.010718276965232133
minimum3_recentcore_gap_error90,0.010690380466197427
rank_recentcore_phase_due365,0.010663102494466049
minimum2_gap_error90,0.010632829120249295
delta_from_minimum_recentcore_n90,0.010625693437366126
minimum3_recentcore_linear_due5,0.0105953967497419
minimum3_recentcore_gap_mean,0.010578867113074677
minimum1_recentcore_age1,0.01056552204874099
own_n270,0.010550773063676968
maximum_core_gap_recent,0.010533683487266847
minimum1_recentcore_active_n_1.2,0.010508084237381532
own_recentcore_cadence_error,0.010476253503515635
own_age5,0.01047613220903827
maximum_recentcore_active_due_2.0,0.010473923898331117
delta_from_minimum_cadence_due,0.01045947523933282
minimum1_core_active_n_1.5,0.010459233995455376
rank_phase_strength90,0.010436898120754464
maximum_recentcore_due_gap_med,0.010410830326316572
minimum1_recentcore_last_due90,0.010408368372923655
delta_from_minimum_core_age5,0.010403300681395876
minimum2_recentcore_gap3,0.010393026539551554
minimum2_core_phase_strength14,0.010335737387374411
minimum2_cadence_error,0.010333619630471516
minimum2_core_linear_due3,0.010317320224448675
minimum3_recentcore_phase_due30,0.010294295755540531
minimum1_span,0.010274693187047344
rank_core_phase_strength7,0.010258757813920983
maximum_active_n_1.2,0.010251586213954859
competitor2_amount_cv,0.010243870854685233
minimum2_recentcore_last_due90,0.010216015484483408
maximum_recentcore_phase_strength7,0.010189264224949729
own_core_phase_strength14,0.010133866663907221
minimum1_core_cadence_age_ratio,0.010038700465310848
own_recentcore_linear_due5,0.010008233265583305
delta_from_minimum_core_active_due_2.0,0.009986188899237188
minimum2_recentcore_amount_last,0.009952546902585829
rank_cadence_active_due,0.009952077477805868
minimum3_core_age,0.00994680313665274
maximum_recentcore_linear_period3,0.009923936544630363
minimum3_gap_error30,0.009866120806130727
delta_from_minimum_core_overdue_gap_med,0.009792773653562955
own_core_amount_last,0.009760724438599535
minimum3_n180,0.009741728807875666
minimum2_gap_std,0.00970662382791662
minimum2_core_linear_period8,0.009691385380483843
minimum1_core_cadence_due,0.009689661931173484
minimum2_due_gap_recent,0.009669749345397055
maximum_last_due7,0.009647110154664951
delta_from_minimum_recentcore_cadence_missing_fraction,0.009457873346226863
maximum_core_n,0.009448556467714364
maximum_recentcore_linear_error8,0.009447650828522927
minimum2_core_age1,0.009430447264422319
delta_from_minimum_age4,0.009403610968504774
minimum3_recentcore_linear_error5,0.009388043647939959
minimum2_recentcore_last_due365,0.009384663361696442
own_recentcore_due_gap_recent,0.009342066836824238
minimum3_core_linear_due3,0.009330564115765575
maximum_core_phase_strength60,0.009287231726729366
own_core_n120,0.009284849136464006
minimum2_recentcore_gap2,0.0092644267443195
minimum2_age1,0.00925260618656919
minimum3_recentcore_last_due14,0.009242958318053869
minimum3_last_due365,0.009233392396046078
minimum1_core_gap_error365,0.009227151333171119
minimum3_amount_last,0.009225376373740445
maximum_gap3,0.009222304156041366
own_recentcore_gap4,0.00921230264681173
minimum2_core_phase_strength7,0.009202453112126991
minimum2_active_due_2.0,0.009185198952916805
maximum_core_linear_error5,0.009117641379953845
minimum1_vague_fraction,0.009091126779123663
minimum1_recentcore_active_due_1.5,0.00908114499774548
minimum1_core_age1,0.009067334752850157
maximum_cadence_due,0.009058047212252961
minimum3_core_phase_strength14,0.00904673591882635
own_recentcore_overdue_gap_mean,0.009028206776147511
maximum_recentcore_gap_error14,0.008999918212126888
maximum_specific_fraction,0.008995853304175632
minimum3_age3,0.00895871456555545
minimum1_linear_period3,0.008932774583279048
minimum1_gap_recent,0.008913392390208458
maximum_active_due_1.2,0.008894646372144595
global_n_currencies,0.008892961671234469
minimum2_core_last_due365,0.008873648444013999
minimum3_overdue_gap_med,0.00884037264458802
rank_recentcore_gap_recent,0.008805044695310753
minimum1_overdue_gap_med,0.008719180516607347
own_core_gap_mean,0.008717716070633288
minimum2_recentcore_age,0.008712260855052854
minimum2_core_overdue_gap_recent,0.008709744194196269
rank_recentcore_amount_delta,0.008703673136626358
minimum3_n30,0.008701791430941675
maximum_core_phase_strength30,0.008684703511336088
minimum2_cadence_age_ratio,0.008581192490127999
minimum2_core_amount_mad,0.008556368976823653
delta_from_minimum_recentcore_gap_min,0.00852580317979366
competitor1_core_active_due_1.5,0.008513887192164157
rank_recentcore_gap2,0.008501725978664458
minimum3_core_age3,0.008476898197883082
minimum1_last_due14,0.008463654294761253
minimum1_core_phase_strength14,0.008447951363446725
minimum1_recentcore_n45,0.008428057660975884
minimum2_core_n45,0.008418346460612547
maximum_gap_max,0.008408413423114356
minimum3_recentcore_phase_due7,0.008402279058509501
maximum_core_n60,0.00839777888987571
minimum2_gap_error60,0.00837482569642534
maximum_recentcore_last_due90,0.008372139771538199
delta_from_minimum_recentcore_n60,0.008371438420438956
family_cloud,0.00834404817333809
maximum_recentcore_phase_strength14,0.00831434243644534
own_recentcore_gap_error14,0.00827486498988557
minimum2_recentcore_amount_mean,0.008268813058340227
minimum1_core_linear_error8,0.008253893557876745
minimum1_core_gap_std,0.008249092115393672
competitor1_core_n,0.008245513603958948
maximum_gap_mean,0.008216482026874892
maximum_mcc_4814,0.00813968426230834
maximum_recentcore_gap_error30,0.008099196130204246
maximum_mcc_5732,0.008088189575684166
rank_recentcore_n45,0.00806896753094487
maximum_core_gap1,0.008046240581831841
delta_from_minimum_recentcore_first_age,0.008043971555300428
minimum3_core_phase_strength7,0.00804335613849163
minimum1_cadence_error,0.008042650735137245
rank_core_overdue_gap_recent,0.008039991736357196
rank_amount_delta,0.00799816649108482
maximum_recentcore_linear_error5,0.007976507433032229
rank_gap3,0.007901144559560043
rank_mcc_5732,0.007861421946849013
rank_core_phase_due365,0.007829148525722782
minimum3_core_gap_error90,0.007821695884971879
minimum1_phase_strength60,0.007821385023986363
maximum_n30,0.0077699580391463515
delta_from_minimum_recentcore_n15,0.007741722617236648
delta_from_minimum_core_linear_period5,0.0077248269027309895
minimum3_recentcore_n15,0.007704405110403705
maximum_core_phase_strength90,0.007694512711622284
rank_recentcore_phase_strength7,0.007680304028324904
minimum3_core_gap_error7,0.007663983131308022
maximum_recentcore_cadence_due,0.007652026563602978
competitor2_core_cadence_error,0.007619259786868732
minimum2_recentcore_active_due_2.0,0.007617129278951999
minimum3_core_linear_period8,0.007590692582905725
minimum2_core_due_gap_mean,0.007559558931853823
maximum_recentcore_last_due30,0.00753492815575599
minimum3_last_due60,0.007527533873938457
delta_from_minimum_gap_std,0.007521318089578721
minimum2_recentcore_linear_error5,0.007472460752981678
minimum3_core_age2,0.007459524892219533
delta_from_minimum_core_regular_amount,0.007439328823703804
minimum1_recentcore_overdue_gap_recent,0.007404505655712788
maximum_recentcore_overdue_gap_med,0.007387729652461299
own_amount_med,0.0073673040259251464
minimum2_phase_due90,0.0073523303481949735
competitor0_core_active_due_1.5,0.007341526826194553
minimum2_recentcore_linear_due3,0.007340865627871204
maximum_active_n_2.0,0.007331992975386611
own_recentcore_linear_due3,0.007281365772434324
minimum2_core_phase_due7,0.007248152863101644
minimum2_recentcore_cadence_error,0.0072174023651265535
own_core_gap_med,0.007207645194038713
minimum3_phase_strength90,0.007182738097075109
minimum2_core_phase_due14,0.00713780607146722
own_linear_period3,0.007110368650897612
minimum2_n60,0.007105028893490647
minimum2_core_phase_strength365,0.007025963207789568
minimum1_recentcore_amount_med,0.0069937670534065514
rank_amount_mad,0.006965032436484265
rank_recentcore_phase_due30,0.006963581553269996
minimum3_due_gap_recent,0.0069615671796926515
minimum1_recentcore_amount_cv,0.006935864444309521
minimum1_core_amount_mad,0.006918383877660427
maximum_core_age1,0.006895291785301387
own_recentcore_amount_last,0.0068750465084863035
minimum1_core_age3,0.006873432394745399
minimum2_phase_due30,0.006818794167965236
minimum1_linear_error8,0.006807705386172154
minimum1_cadence_last_due,0.006750250965826064
minimum1_core_age2,0.006728287126893242
minimum3_mcc_7997,0.006719360548150235
minimum3_specific_fraction,0.006702000145837465
delta_from_minimum_age3,0.0066503960184376735
delta_from_minimum_recentcore_gap3,0.006617112521648705
minimum2_core_n120,0.006491868141299555
minimum1_recentcore_n,0.006474448826368341
minimum1_recentcore_linear_due8,0.006451463937577432
minimum1_recentcore_gap_error7,0.00639583116932587
minimum1_n90,0.006359300130310381
minimum3_vague_fraction,0.006319840664263835
delta_from_minimum_core_amount_slope,0.006286921357362358
minimum1_recentcore_cadence_age_ratio,0.006254767425964578
minimum3_linear_due5,0.006240726741525468
maximum_core_active_due_1.5,0.006219621357210921
minimum1_recentcore_cadence_last_due,0.006203019301477622
minimum1_core_gap_mean,0.006191464541500838
maximum_recentcore_phase_due14,0.006187864836145065
minimum3_recentcore_amount_range,0.006174552682895002
rank_n,0.006143876724950089
delta_from_minimum_core_n60,0.00608368202642484
rank_recentcore_n60,0.006046990670570509
delta_from_minimum_linear_period3,0.0060047158038592004
minimum2_recentcore_n60,0.005988805499877734
delta_from_minimum_n45,0.005986574092727711
maximum_core_overdue_gap_recent,0.005980050894723776
minimum2_core_linear_period3,0.005974900254562139
minimum2_recentcore_cadence_active_due,0.005956843608384505
minimum1_recentcore_age3,0.005924358705715722
minimum1_cadence,0.005888641396528153
maximum_recentcore_phase_strength365,0.005882127694180336
maximum_linear_error5,0.005863482311941091
minimum2_linear_due3,0.005860962375062313
minimum1_core_gap_last,0.005855809392025559
minimum1_age5,0.005808939465835842
minimum2_core_due_gap_med,0.005766031810120485
minimum2_core_gap_error14,0.005741648540431285
minimum3_recentcore_due_gap_recent,0.005729691982148604
maximum_phase_strength60,0.00572937100240095
delta_from_minimum_core_linear_error3,0.005721234922046405
minimum3_core_gap_max,0.005661114629917407
competitor3_core_amount_cv,0.005659612063620739
minimum1_recentcore_age4,0.005658369455699054
minimum3_core_n,0.005580480783655736
delta_from_minimum_active_n_1.2,0.005542970212521439
minimum3_mcc_6300,0.005500247706378265
delta_from_minimum_core_cadence_age_ratio,0.005468522865076323
delta_from_minimum_core_gap_std,0.005462644961060285
own_recentcore_phase_due30,0.005424412575445865
competitor2_core_age,0.005381147414072861
maximum_linear_period5,0.0053713957289860765
delta_from_minimum_core_gap_med,0.0053605200791868686
maximum_recentcore_gap_std,0.005343711907299286
maximum_recentcore_active_due_1.2,0.0053428555291951335
minimum2_recentcore_gap_max,0.0053085497839315396
delta_from_minimum_recentcore_amount_cv,0.005305330241395023
minimum1_recentcore_gap_std,0.00530509391122899
minimum1_amount_med,0.0051784784575344975
minimum2_last_due60,0.005084061016680133
competitor0_core_age,0.005083729838947147
minimum2_age4,0.005023384636259278
rank_core_phase_strength30,0.005015512086779311
minimum2_gap_error30,0.005014089717322169
maximum_linear_due5,0.005013920034673305
minimum1_recentcore_n60,0.005001583368789744
delta_from_minimum_recentcore_active_n_1.5,0.00499443386134125
minimum2_core_phase_due90,0.004969239893357638
minimum3_recentcore_gap1,0.0049595048983381435
maximum_core_phase_due14,0.004902863195049925
minimum2_age2,0.004884792694322341
own_active_due_2.0,0.00480991023130916
minimum1_active_n_2.0,0.004795255624930505
maximum_core_age2,0.0047945003708039745
rank_amount_mean,0.004724413812551694
rank_n180,0.0047058830952875445
minimum1_core_last_due7,0.004695438153207608
minimum1_due_gap_mean,0.004670185010188904
own_cadence_missing_fraction,0.004631971287635912
delta_from_minimum_linear_due8,0.004614093619042426
delta_from_minimum_core_gap_error14,0.004573501525706659
minimum3_phase_due14,0.004557337000802814
minimum1_linear_due5,0.004545438916379296
delta_from_minimum_core_gap_error7,0.0045160366093117705
rank_recentcore_cadence_due,0.004507166998055729
minimum3_recentcore_phase_due365,0.004496650534327073
minimum1_core_due_gap_med,0.0044731687768217315
minimum3_recentcore_last_due365,0.0044590551994955815
minimum3_recentcore_n,0.00441332859435831
maximum_last_due14,0.004412690733638556
maximum_recentcore_linear_period8,0.004411554247574719
rank_recentcore_age1,0.004390565350137511
maximum_core_first_age,0.004340277568379607
minimum2_core_gap_max,0.004328399607763193
delta_from_minimum_core_gap_error365,0.004292060675549919
competitor1_core_amount_cv,0.004276967616328776
minimum1_recentcore_amount_last,0.004207984326906538
competitor3_cadence_error,0.004200138453596568
maximum_core_phase_due365,0.0041987671013878625
minimum1_core_gap_error7,0.004187313633570015
delta_from_minimum_recentcore_linear_due3,0.004185659256115827
minimum1_overdue_gap_mean,0.004168754635124034
minimum2_overdue_gap_mean,0.004156336059956969
minimum1_recentcore_gap_mean,0.004032509377957283
delta_from_minimum_due_gap_recent,0.004008752159055858
minimum1_recentcore_phase_due7,0.003952708434980037
maximum_recentcore_phase_due30,0.003944929195304917
minimum1_recentcore_span,0.003916234506403877
minimum3_last_due30,0.003903833718743573
maximum_recentcore_last_due14,0.0037959573767662176
minimum1_core_active_n_2.0,0.003764860421501299
minimum3_recentcore_overdue_gap_recent,0.0037638124125411766
minimum2_core_gap_error60,0.003708174840278783
delta_from_minimum_gap_mean,0.0036927034927992787
delta_from_minimum_recentcore_n180,0.0036259242626998484
minimum3_mcc_5734,0.003623922789534322
minimum3_recentcore_age,0.003552199576438026
rank_core_age1,0.003384217830136559
minimum3_core_last_due90,0.0033832453962564625
minimum2_core_active_due_1.2,0.003382991840692336
minimum2_recentcore_gap1,0.003371765447199708
own_core_age,0.0033619506929298787
minimum2_recentcore_cadence_last_due,0.0033342016712414936
minimum3_core_amount_last_delta,0.0032907526589651846
competitor1_refund_n,0.003232582979856397
minimum1_core_span,0.003193955362416687
minimum2_n,0.0031578728103553158
minimum1_core_cadence,0.00308988956742671
minimum3_recentcore_amount_mad,0.003074228714227328
minimum2_recentcore_age3,0.003071094513367958
maximum_core_last_due14,0.002892716382645722
maximum_core_gap4,0.002869481901985895
minimum2_mcc_4814,0.0028634296747268697
rank_core_n45,0.002841955441338601
maximum_core_linear_due8,0.002833428826502187
minimum1_n15,0.0026931290064194395
minimum2_cadence_missing,0.0026337414508579714
delta_from_minimum_core_gap_error60,0.0025833996332935653
minimum2_core_amount_cv,0.002547473573921316
minimum2_phase_due60,0.002526056672164844
own_recentcore_gap_error365,0.0025178569229925276
rank_overdue_gap_recent,0.002515926419232678
minimum1_core_amount_range,0.0023993407414870404
minimum3_gap_error7,0.0023291963207326383
rank_refund_age,0.002299583336279459
minimum3_recentcore_phase_due14,0.0022746417165212074
rank_core_age5,0.0022498467220077706
minimum2_core_active_due_2.0,0.0022273110779307192
minimum1_core_phase_due30,0.0021992203264163683
minimum3_core_linear_error3,0.002198489486046167
minimum2_gap_recent,0.002177183360285975
minimum3_gap4,0.002094849918113845
minimum2_core_amount_slope,0.0020519623057045425
minimum3_recentcore_gap_error14,0.0020378132617521723
rank_core_n120,0.001973491334705916
minimum3_recentcore_gap_error365,0.001970751590107157
rank_recentcore_gap4,0.001915756980546661
minimum3_gap_min,0.0018106983260736493
minimum2_recentcore_last_due14,0.0017783797104240493
minimum3_cadence_due,0.0016940412876392708
minimum2_last_due30,0.0016206415123447271
minimum1_cadence_missing,0.0014294539054486993
rank_recentcore_amount_slope,0.0013471918805863712
minimum1_core_cadence_missing,0.0012845195152769817
minimum2_core_n60,0.0011424154494784073
rank_recentcore_phase_due60,0.0010849235336371202
rank_recentcore_phase_due90,0.0010521126741042217
rank_recentcore_cadence_missing,0.0008239041983584269
minimum3_core_gap_last,0.0007827761614103317
rank_recentcore_amount_cv,0.0007482194071162921
own_gap_max,0.0006500939536204014
delta_from_minimum_recentcore_cadence,0.0005957060834667728
minimum3_recentcore_linear_period8,0.0005589710454340767
rank_recentcore_gap_error365,0.000411268729667729
minimum1_cadence_missing_fraction,0.00037340236246668145
rank_recentcore_phase_due7,0.0003505597929739734
rank_recentcore_gap_error90,0.0003274170573010878
own_core_n90,0.0002970662532735298
rank_active_due_2.0,0.00028830151695595713
delta_from_minimum_core_n90,0.0002733414744230156
minimum3_core_cadence_missing,0.0002116165520631357
rank_recentcore_gap_error60,9.118673445685951e-05
minimum1_n45,8.856554808464383e-08
minimum3_recentcore_n60,0.0
minimum3_recentcore_n45,0.0
minimum3_recentcore_n90,0.0
minimum3_recentcore_cadence_last_due,0.0
minimum3_recentcore_gap_std,0.0
minimum3_recentcore_gap_recent,0.0
minimum3_recentcore_overdue_gap_mean,0.0
minimum3_recentcore_cadence_missing,0.0
rank_phase_strength30,0.0
rank_gap_error365,0.0
rank_core_span,0.0
minimum3_recentcore_gap_max,0.0
maximum_core_cadence_due,0.0
minimum3_recentcore_n120,0.0
rank_core_phase_strength60,0.0
minimum3_recentcore_n180,0.0
rank_overdue_gap_med,0.0
maximum_core_cadence,0.0
minimum3_recentcore_gap_last,0.0
rank_core_regular_amount,0.0
maximum_core_amount_mean,0.0
rank_gap_error14,0.0
minimum3_recentcore_n270,0.0
minimum3_recentcore_n30,0.0
minimum3_recentcore_cadence_age_ratio,0.0
maximum_core_age,0.0
minimum3_recentcore_gap_med,0.0
minimum3_recentcore_cadence_due,0.0
rank_gap2,0.0
maximum_core_amount_last,0.0
minimum3_recentcore_gap_min,0.0
rank_gap1,0.0
minimum3_recentcore_linear_error8,0.0
minimum3_recentcore_linear_period5,0.0
minimum3_recentcore_linear_due8,0.0
minimum3_recentcore_phase_strength90,0.0
minimum3_recentcore_span,0.0
rank_last_due90,0.0
minimum3_refund_age,0.0
minimum3_refund_n,0.0
minimum3_recentcore_cadence_slope,0.0
rank_linear_due5,0.0
rank_linear_due8,0.0
rank_linear_error3,0.0
rank_n45,0.0
maximum_age4,0.0
minimum3_refund_n60,0.0
rank_linear_error5,0.0
minimum3_recentcore_gap_error60,0.0
minimum3_recentcore_linear_period3,0.0
minimum3_regular_amount,0.0
rank_linear_error8,0.0
minimum3_recentcore_due_gap_mean,0.0
maximum_age1,0.0
maximum_age,0.0
minimum3_recentcore_linear_due3,0.0
rank_n90,0.0
rank_linear_period5,0.0
minimum3_text_confidence,0.0
rank_phase_strength14,0.0
minimum3_recentcore_last_due7,0.0
rank_linear_period8,0.0
rank_mcc_4814,0.0
minimum3_recentcore_phase_strength60,0.0
rank_last_due7,0.0
rank_last_due60,0.0
rank_last_due365,0.0
minimum3_recentcore_overdue_gap_med,0.0
rank_gap_error60,0.0
rank_gap_error90,0.0
rank_overdue_gap_mean,0.0
rank_gap_last,0.0
rank_gap_max,0.0
rank_core_phase_strength365,0.0
maximum_core_active_due_1.2,0.0
minimum3_recentcore_last_due60,0.0
rank_gap_mean,0.0
rank_n120,0.0
rank_gap_med,0.0
maximum_cadence_missing,0.0
maximum_cadence_last_due,0.0
minimum3_recentcore_last_due30,0.0
rank_gap_min,0.0
minimum3_recentcore_cadence_missing_fraction,0.0
minimum3_recentcore_phase_strength30,0.0
rank_phase_due365,0.0
rank_gap_recent,0.0
rank_gap_std,0.0
minimum3_recentcore_phase_strength365,0.0
maximum_cadence,0.0
maximum_amount_slope,0.0
rank_last_due14,0.0
minimum3_recentcore_gap2,0.0
rank_last_due30,0.0
minimum3_recentcore_regular_amount,0.0
rank_core_first_age,0.0
maximum_core_cadence_last_due,0.0
maximum_recentcore_gap_error60,0.0
maximum_recentcore_gap_error90,0.0
own_core_n15,0.0
maximum_recentcore_gap_mean,0.0
maximum_recentcore_gap_med,0.0
own_core_n30,0.0
maximum_recentcore_gap_recent,0.0
maximum_recentcore_last_due365,0.0
maximum_recentcore_last_due60,0.0
maximum_recentcore_last_due7,0.0
maximum_recentcore_linear_due5,0.0
own_recentcore_overdue_gap_med,0.0
maximum_recentcore_linear_period5,0.0
maximum_recentcore_n,0.0
maximum_recentcore_n120,0.0
maximum_recentcore_n15,0.0
maximum_recentcore_n180,0.0
maximum_recentcore_n270,0.0
maximum_recentcore_n45,0.0
maximum_recentcore_n60,0.0
maximum_recentcore_n90,0.0
own_recentcore_n30,0.0
maximum_recentcore_gap_error7,0.0
maximum_recentcore_gap_error365,0.0
own_recentcore_linear_period5,0.0
own_recentcore_regular_amount,0.0
rank_amount_last,0.0
maximum_recentcore_amount_delta,0.0
rank_amount_cv,0.0
own_age3,0.0
rank_age3,0.0
maximum_recentcore_amount_med,0.0
rank_age1,0.0
rank_active_n_2.0,0.0
maximum_recentcore_cadence,0.0
rank_active_n_1.5,0.0
rank_active_n_1.2,0.0
maximum_recentcore_cadence_last_due,0.0
maximum_recentcore_cadence_missing,0.0
maximum_recentcore_cadence_missing_fraction,0.0
rank_active_due_1.2,0.0
maximum_recentcore_due_gap_mean,0.0
maximum_recentcore_due_gap_recent,0.0
own_core_linear_due3,0.0
own_core_linear_due5,0.0
maximum_recentcore_gap2,0.0
maximum_recentcore_gap3,0.0
own_recentcore_n15,0.0
own_recentcore_linear_error8,0.0
maximum_recentcore_age1,0.0
competitor2_n,0.0
competitor2_gap_med,0.0
own_phase_due14,0.0
competitor2_core_amount_cv,0.0
competitor2_core_cadence_due,0.0
own_overdue_gap_med,0.0
competitor2_cadence_error,0.0
own_n90,0.0
competitor2_refund_n,0.0
competitor3_n,0.0
competitor3_age,0.0
competitor3_gap_med,0.0
competitor3_core_n,0.0
competitor3_core_age,0.0
own_n15,0.0
competitor3_core_cadence_error,0.0
own_linear_period8,0.0
competitor3_core_active_due_1.5,0.0
competitor3_refund_n,0.0
family_gym,0.0
own_linear_error5,0.0
family_music,0.0
own_phase_due30,0.0
competitor1_cadence_error,0.0
own_core_phase_due30,0.0
competitor1_cadence_due,0.0
own_recentcore_gap_min,0.0
own_recentcore_gap_mean,0.0
own_recentcore_gap_error30,0.0
own_recentcore_due_gap_med,0.0
own_recentcore_cadence_slope,0.0
maximum_vague_fraction,0.0
competitor0_n,0.0
own_age,0.0
competitor0_gap_med,0.0
own_recentcore_cadence_last_due,0.0
competitor0_core_cadence_due,0.0
competitor0_core_cadence_error,0.0
own_recentcore_cadence,0.0
own_core_regular_amount,0.0
competitor1_n,0.0
own_due_gap_mean,0.0
competitor1_amount_cv,0.0
own_recentcore_active_due_2.0,0.0
own_phase_strength14,0.0
competitor1_core_cadence_due,0.0
competitor1_core_cadence_error,0.0
rank_amount_last_delta,0.0
rank_amount_med,0.0
maximum_core_cadence_missing,0.0
rank_core_linear_period8,0.0
maximum_core_linear_period5,0.0
rank_core_linear_period3,0.0
rank_core_linear_error8,0.0
maximum_core_n15,0.0
maximum_core_n180,0.0
rank_core_linear_error5,0.0
maximum_core_n30,0.0
maximum_core_n45,0.0
maximum_core_n90,0.0
maximum_core_overdue_gap_mean,0.0
maximum_core_overdue_gap_med,0.0
rank_core_linear_error3,0.0
rank_core_linear_due8,0.0
rank_core_linear_due5,0.0
rank_core_last_due7,0.0
rank_core_last_due60,0.0
rank_core_last_due365,0.0
rank_core_last_due14,0.0
maximum_core_regular_amount,0.0
rank_core_gap_recent,0.0
maximum_due_gap_mean,0.0
rank_core_linear_period5,0.0
maximum_core_linear_due5,0.0
maximum_due_gap_recent,0.0
maximum_core_linear_due3,0.0
maximum_core_cadence_slope,0.0
rank_core_phase_strength14,0.0
maximum_core_due_gap_med,0.0
maximum_core_due_gap_recent,0.0
maximum_core_fraction,0.0
rank_core_phase_due7,0.0
maximum_core_gap3,0.0
maximum_core_gap_error30,0.0
maximum_core_gap_error365,0.0
maximum_core_gap_error60,0.0
rank_core_phase_due30,0.0
maximum_core_gap_error90,0.0
rank_core_phase_due14,0.0
maximum_core_gap_mean,0.0
rank_core_n90,0.0
rank_core_n180,0.0
maximum_core_last_due30,0.0
maximum_core_last_due365,0.0
maximum_core_last_due60,0.0
maximum_core_last_due7,0.0
rank_core_n15,0.0
maximum_due_gap_med,0.0
rank_core_gap_min,0.0
maximum_recentcore_active_n_2.0,0.0
rank_core_amount_cv,0.0
maximum_n,0.0
maximum_n120,0.0
maximum_n15,0.0
maximum_n180,0.0
maximum_n270,0.0
maximum_n45,0.0
maximum_n60,0.0
maximum_n90,0.0
rank_core_age4,0.0
rank_core_age2,0.0
rank_core_active_n_2.0,0.0
rank_core_active_n_1.5,0.0
rank_core_active_due_2.0,0.0
rank_core_active_due_1.5,0.0
rank_cadence_slope,0.0
rank_cadence_missing_fraction,0.0
maximum_phase_strength30,0.0
maximum_phase_strength7,0.0
rank_cadence_age_ratio,0.0
rank_cadence,0.0
rank_amount_range,0.0
maximum_mcc_7997,0.0
rank_core_amount_last,0.0
rank_core_gap_med,0.0
maximum_linear_period8,0.0
rank_core_gap_mean,0.0
rank_core_gap_max,0.0
rank_core_gap_last,0.0
rank_core_gap_error90,0.0
rank_core_gap_error7,0.0
rank_core_gap_error60,0.0
rank_core_gap_error30,0.0
rank_core_gap_error14,0.0
rank_core_gap4,0.0
rank_core_fraction,0.0
minimum3_recentcore_cadence,0.0
rank_core_due_gap_mean,0.0
maximum_last_due30,0.0
rank_core_cadence_error,0.0
maximum_last_due60,0.0
maximum_last_due90,0.0
maximum_linear_due3,0.0
rank_core_cadence_age_ratio,0.0
rank_core_cadence,0.0
rank_core_amount_mean,0.0
rank_core_amount_last_delta,0.0
minimum3_recentcore_cadence_active_due,0.0
minimum1_core_phase_strength30,0.0
minimum3_recentcore_amount_slope,0.0
minimum2_core_cadence,0.0
minimum2_core_cadence_age_ratio,0.0
minimum2_core_cadence_due,0.0
minimum2_core_cadence_last_due,0.0
minimum2_core_cadence_missing,0.0
minimum2_core_cadence_missing_fraction,0.0
minimum2_core_cadence_slope,0.0
minimum2_core_due_gap_recent,0.0
delta_from_minimum_recentcore_due_gap_recent,0.0
minimum2_core_fraction,0.0
minimum2_core_gap1,0.0
minimum2_core_gap2,0.0
own_core_cadence_age_ratio,0.0
minimum2_core_gap_error30,0.0
delta_from_minimum_recentcore_cadence_last_due,0.0
delta_from_minimum_recentcore_cadence_error,0.0
delta_from_minimum_recentcore_cadence_due,0.0
minimum2_core_gap_last,0.0
minimum2_core_gap_mean,0.0
minimum2_core_gap_med,0.0
minimum2_core_gap_min,0.0
minimum2_core_gap_recent,0.0
minimum2_core_gap_std,0.0
minimum2_core_last_due14,0.0
minimum2_core_cadence_active_due,0.0
minimum2_core_amount_range,0.0
minimum2_active_due_1.5,0.0
minimum2_core_amount_med,0.0
minimum2_active_n_1.5,0.0
minimum2_active_n_2.0,0.0
delta_from_minimum_refund_age,0.0
minimum2_age5,0.0
delta_from_minimum_recentcore_phase_due14,0.0
minimum2_amount_last_delta,0.0
delta_from_minimum_recentcore_n45,0.0
delta_from_minimum_recentcore_n30,0.0
minimum2_amount_slope,0.0
minimum2_cadence,0.0
minimum2_cadence_active_due,0.0
delta_from_minimum_recentcore_linear_period5,0.0
delta_from_minimum_recentcore_linear_due5,0.0
minimum2_cadence_missing_fraction,0.0
minimum2_core_active_due_1.5,0.0
minimum2_core_active_n_1.5,0.0
delta_from_minimum_recentcore_gap_med,0.0
minimum2_core_age2,0.0
minimum2_core_age4,0.0
minimum2_core_amount_delta,0.0
minimum2_core_amount_last,0.0
own_core_cadence,0.0
minimum2_core_amount_mean,0.0
own_core_cadence_due,0.0
minimum2_core_last_due60,0.0
minimum2_core_last_due7,0.0
minimum2_core_last_due90,0.0
minimum2_gap_last,0.0
minimum2_gap_mean,0.0
minimum2_gap_med,0.0
minimum2_gap_min,0.0
delta_from_minimum_linear_due5,0.0
minimum2_last_due14,0.0
minimum2_last_due365,0.0
minimum2_last_due7,0.0
delta_from_minimum_last_due7,0.0
delta_from_minimum_last_due365,0.0
minimum2_linear_due8,0.0
delta_from_minimum_last_due30,0.0
delta_from_minimum_gap_recent,0.0
delta_from_minimum_gap_last,0.0
minimum2_linear_period8,0.0
delta_from_minimum_gap_error90,0.0
minimum2_mcc_5734,0.0
minimum2_mcc_6300,0.0
minimum2_mcc_7997,0.0
minimum2_n120,0.0
minimum2_n15,0.0
minimum2_n180,0.0
minimum2_n270,0.0
minimum2_gap_error7,0.0
minimum2_gap_error365,0.0
minimum2_gap_error14,0.0
minimum2_core_overdue_gap_mean,0.0
minimum2_core_linear_due5,0.0
minimum2_core_linear_due8,0.0
delta_from_minimum_recentcore_amount_med,0.0
minimum2_core_linear_error8,0.0
minimum2_core_linear_period5,0.0
minimum2_core_n15,0.0
minimum2_core_n180,0.0
minimum2_core_n270,0.0
minimum2_core_n30,0.0
minimum2_core_n90,0.0
minimum2_core_overdue_gap_med,0.0
delta_from_minimum_mcc_5732,0.0
own_core_cadence_last_due,0.0
delta_from_minimum_recentcore_active_due_2.0,0.0
own_core_cadence_slope,0.0
delta_from_minimum_phase_strength7,0.0
minimum2_core_regular_amount,0.0
delta_from_minimum_n30,0.0
delta_from_minimum_n180,0.0
delta_from_minimum_n15,0.0
delta_from_minimum_n120,0.0
delta_from_minimum_mcc_5734,0.0
minimum2_active_n_1.2,0.0
minimum2_active_due_1.2,0.0
minimum2_n45,0.0
minimum1_core_last_due365,0.0
minimum1_core_last_due14,0.0
minimum1_linear_error5,0.0
minimum1_core_gap_recent,0.0
minimum1_mcc_4814,0.0
minimum1_mcc_5732,0.0
minimum1_mcc_5734,0.0
minimum1_mcc_6300,0.0
minimum1_mcc_7997,0.0
minimum1_n,0.0
minimum1_n120,0.0
minimum1_n180,0.0
minimum1_core_gap_med,0.0
minimum1_n30,0.0
minimum1_n60,0.0
minimum1_core_gap_max,0.0
minimum1_core_gap_error90,0.0
minimum1_core_gap_error30,0.0
minimum1_core_gap4,0.0
minimum1_core_gap1,0.0
minimum1_core_fraction,0.0
minimum1_core_due_gap_mean,0.0
minimum1_recentcore_active_due_1.2,0.0
minimum1_recentcore_active_due_2.0,0.0
minimum1_core_last_due30,0.0
minimum1_last_due90,0.0
own_core_age1,0.0
minimum1_last_due7,0.0
minimum1_core_phase_due90,0.0
minimum1_core_phase_due14,0.0
minimum1_core_overdue_gap_recent,0.0
minimum1_core_overdue_gap_med,0.0
minimum1_core_overdue_gap_mean,0.0
minimum1_core_n90,0.0
minimum1_core_n60,0.0
minimum1_core_n45,0.0
minimum1_core_n30,0.0
minimum1_core_n270,0.0
minimum1_core_n180,0.0
minimum1_gap_error365,0.0
minimum1_core_n15,0.0
minimum1_core_n,0.0
minimum1_core_linear_period5,0.0
minimum1_gap_max,0.0
minimum1_core_linear_error3,0.0
minimum1_core_linear_due8,0.0
minimum1_core_last_due90,0.0
minimum1_generic_fraction,0.0
minimum1_last_due30,0.0
minimum1_core_last_due60,0.0
minimum1_last_due60,0.0
minimum1_recentcore_active_n_1.5,0.0
minimum1_recentcore_active_n_2.0,0.0
minimum1_core_cadence_slope,0.0
minimum1_core_cadence_missing_fraction,0.0
minimum1_recentcore_linear_error5,0.0
minimum1_amount_range,0.0
minimum1_recentcore_linear_period8,0.0
minimum1_recentcore_n120,0.0
minimum1_recentcore_n15,0.0
minimum1_recentcore_n180,0.0
minimum1_recentcore_n270,0.0
minimum1_recentcore_n30,0.0
minimum1_recentcore_n90,0.0
minimum1_recentcore_overdue_gap_mean,0.0
minimum1_recentcore_phase_due14,0.0
minimum1_amount_last,0.0
minimum1_amount_delta,0.0
minimum1_age1,0.0
minimum1_recentcore_phase_strength14,0.0
minimum1_recentcore_phase_strength30,0.0
minimum1_age,0.0
minimum1_active_due_1.5,0.0
own_cadence_slope,0.0
minimum1_refund_n,0.0
minimum1_refund_n60,0.0
global_family_n,0.0
global_active_family_n,0.0
minimum1_recentcore_linear_due3,0.0
minimum1_recentcore_last_due60,0.0
minimum1_core_active_due_1.5,0.0
minimum1_recentcore_cadence_slope,0.0
minimum1_recentcore_age5,0.0
minimum1_recentcore_amount_last_delta,0.0
minimum1_recentcore_amount_mad,0.0
minimum1_recentcore_amount_mean,0.0
minimum1_core_cadence_last_due,0.0
minimum1_recentcore_cadence,0.0
minimum1_recentcore_cadence_active_due,0.0
minimum1_core_cadence_active_due,0.0
minimum1_recentcore_cadence_missing,0.0
minimum1_recentcore_cadence_missing_fraction,0.0
minimum1_core_amount_mean,0.0
minimum1_core_active_due_2.0,0.0
own_core_active_due_1.5,0.0
minimum1_recentcore_gap2,0.0
minimum1_core_amount_last,0.0
minimum1_recentcore_gap4,0.0
minimum1_core_amount_cv,0.0
minimum1_recentcore_gap_error30,0.0
minimum1_core_age5,0.0
minimum1_recentcore_gap_max,0.0
minimum1_core_age,0.0
own_gap_recent,0.0
minimum2_n30,0.0
minimum2_n90,0.0
minimum3_recentcore_amount_med,0.0
minimum3_core_last_due60,0.0
rank_recentcore_gap_min,0.0
minimum3_core_linear_due8,0.0
rank_recentcore_gap_med,0.0
rank_recentcore_gap_mean,0.0
rank_recentcore_gap_max,0.0
minimum3_core_linear_period5,0.0
minimum3_core_n120,0.0
minimum3_core_n15,0.0
minimum3_core_n180,0.0
rank_recentcore_gap_last,0.0
minimum3_core_n30,0.0
minimum3_core_n45,0.0
minimum3_core_n60,0.0
minimum3_core_n90,0.0
rank_recentcore_gap_error7,0.0
minimum3_core_overdue_gap_recent,0.0
rank_recentcore_gap_error30,0.0
rank_recentcore_gap_error14,0.0
minimum3_core_phase_due7,0.0
minimum3_core_phase_strength30,0.0
own_core_gap_last,0.0
minimum3_core_phase_strength90,0.0
minimum3_core_regular_amount,0.0
minimum3_core_last_due7,0.0
minimum3_core_last_due365,0.0
minimum3_core_cadence,0.0
minimum3_core_last_due14,0.0
rank_recentcore_n,0.0
minimum3_core_cadence_due,0.0
minimum3_core_cadence_error,0.0
rank_recentcore_linear_period5,0.0
minimum3_core_cadence_missing_fraction,0.0
minimum3_core_cadence_slope,0.0
minimum3_core_due_gap_mean,0.0
minimum3_core_due_gap_med,0.0
minimum3_core_due_gap_recent,0.0
rank_recentcore_linear_period3,0.0
minimum3_core_fraction,0.0
minimum3_core_gap1,0.0
rank_recentcore_linear_error8,0.0
minimum3_core_gap4,0.0
rank_recentcore_linear_error5,0.0
minimum3_core_gap_error30,0.0
minimum3_core_gap_error365,0.0
minimum3_core_gap_error60,0.0
minimum3_core_gap_mean,0.0
minimum3_core_gap_med,0.0
rank_recentcore_linear_error3,0.0
minimum3_core_gap_recent,0.0
rank_recentcore_gap_std,0.0
minimum3_core_span,0.0
minimum3_due_gap_med,0.0
own_core_gap_max,0.0
rank_recentcore_cadence_slope,0.0
minimum3_n90,0.0
minimum3_overdue_gap_mean,0.0
minimum3_overdue_gap_recent,0.0
minimum3_phase_due30,0.0
rank_recentcore_age3,0.0
rank_recentcore_age2,0.0
minimum3_phase_strength14,0.0
rank_recentcore_active_n_2.0,0.0
rank_recentcore_active_n_1.5,0.0
minimum3_phase_strength7,0.0
minimum3_recentcore_active_due_1.2,0.0
minimum3_recentcore_active_due_1.5,0.0
minimum3_recentcore_active_due_2.0,0.0
minimum3_recentcore_active_n_1.2,0.0
rank_recentcore_active_n_1.2,0.0
minimum3_recentcore_active_n_2.0,0.0
minimum3_recentcore_age1,0.0
minimum3_recentcore_age2,0.0
minimum3_recentcore_age5,0.0
minimum3_recentcore_amount_cv,0.0
rank_phase_strength7,0.0
rank_phase_strength60,0.0
rank_phase_strength365,0.0
minimum3_n60,0.0
minimum3_n45,0.0
minimum3_n270,0.0
minimum3_last_due7,0.0
rank_recentcore_cadence_missing_fraction,0.0
rank_recentcore_cadence_error,0.0
minimum3_gap_error60,0.0
minimum3_gap_last,0.0
rank_recentcore_cadence,0.0
rank_recentcore_amount_range,0.0
minimum3_gap_recent,0.0
rank_recentcore_amount_med,0.0
rank_recentcore_amount_mad,0.0
minimum3_last_due14,0.0
rank_recentcore_amount_last_delta,0.0
minimum3_n15,0.0
minimum3_linear_due3,0.0
rank_recentcore_amount_last,0.0
minimum3_linear_error3,0.0
minimum3_linear_error5,0.0
minimum3_linear_period3,0.0
minimum3_linear_period5,0.0
minimum3_linear_period8,0.0
minimum3_mcc_4814,0.0
minimum3_n,0.0
minimum3_n120,0.0
minimum3_core_cadence_active_due,0.0
minimum3_core_amount_slope,0.0
minimum2_overdue_gap_med,0.0
minimum2_recentcore_due_gap_med,0.0
delta_from_minimum_core_gap_mean,0.0
minimum2_recentcore_gap_error14,0.0
minimum2_recentcore_gap_error30,0.0
minimum2_recentcore_gap_error365,0.0
delta_from_minimum_core_gap_last,0.0
minimum2_recentcore_gap_error7,0.0
minimum2_recentcore_gap_last,0.0
minimum2_recentcore_gap_med,0.0
minimum2_recentcore_gap_min,0.0
minimum2_recentcore_gap_recent,0.0
delta_from_minimum_core_gap_error30,0.0
minimum2_recentcore_last_due60,0.0
minimum2_recentcore_linear_due5,0.0
minimum2_recentcore_linear_due8,0.0
delta_from_minimum_core_due_gap_mean,0.0
delta_from_minimum_core_cadence_slope,0.0
delta_from_minimum_core_cadence_last_due,0.0
delta_from_minimum_core_cadence_error,0.0
minimum2_recentcore_linear_period8,0.0
minimum2_recentcore_n,0.0
minimum2_recentcore_n120,0.0
minimum2_recentcore_n180,0.0
minimum2_recentcore_n270,0.0
minimum2_recentcore_due_gap_recent,0.0
minimum2_recentcore_due_gap_mean,0.0
rank_recentcore_n120,0.0
minimum2_recentcore_cadence_slope,0.0
delta_from_minimum_gap_error365,0.0
delta_from_minimum_due_gap_med,0.0
delta_from_minimum_core_n45,0.0
minimum2_phase_strength7,0.0
delta_from_minimum_core_n30,0.0
minimum2_recentcore_active_due_1.2,0.0
minimum2_recentcore_active_due_1.5,0.0
minimum2_recentcore_active_n_1.2,0.0
delta_from_minimum_core_n15,0.0
delta_from_minimum_core_linear_period8,0.0
minimum2_recentcore_age1,0.0
minimum2_recentcore_age2,0.0
minimum2_recentcore_age4,0.0
minimum2_recentcore_amount_cv,0.0
minimum2_recentcore_amount_delta,0.0
delta_from_minimum_core_linear_period3,0.0
minimum2_recentcore_amount_mad,0.0
minimum2_recentcore_amount_range,0.0
minimum2_recentcore_amount_slope,0.0
minimum2_recentcore_cadence,0.0
delta_from_minimum_core_last_due90,0.0
minimum2_recentcore_cadence_missing,0.0
delta_from_minimum_core_gap_min,0.0
minimum2_recentcore_n30,0.0
delta_from_minimum_core_cadence,0.0
minimum2_recentcore_n90,0.0
minimum2_recentcore_overdue_gap_med,0.0
minimum3_amount_delta,0.0
minimum3_amount_last_delta,0.0
minimum3_amount_mean,0.0
minimum3_amount_slope,0.0
minimum3_cadence,0.0
minimum3_cadence_active_due,0.0
minimum3_cadence_age_ratio,0.0
minimum3_cadence_missing,0.0
minimum3_cadence_missing_fraction,0.0
minimum3_cadence_slope,0.0
minimum3_core_active_due_1.2,0.0
minimum3_core_active_due_1.5,0.0
rank_recentcore_overdue_gap_recent,0.0
minimum3_core_active_n_1.2,0.0
rank_recentcore_n90,0.0
minimum3_core_active_n_2.0,0.0
minimum3_core_age1,0.0
minimum3_core_age5,0.0
rank_recentcore_n30,0.0
rank_recentcore_n270,0.0
rank_recentcore_n180,0.0
minimum3_core_amount_mean,0.0
minimum3_core_amount_med,0.0
rank_recentcore_phase_strength14,0.0
rank_recentcore_phase_strength30,0.0
rank_recentcore_phase_strength60,0.0
minimum2_refund_n,0.0
delta_from_minimum_core_age4,0.0
delta_from_minimum_core_age1,0.0
delta_from_minimum_cadence_age_ratio,0.0
delta_from_minimum_cadence,0.0
delta_from_minimum_age2,0.0
minimum2_recentcore_phase_strength7,0.0
minimum2_recentcore_phase_strength90,0.0
minimum2_recentcore_regular_amount,0.0
delta_from_minimum_active_due_1.5,0.0
rank_vague_fraction,0.0
minimum2_refund_n60,0.0
minimum3_age1,0.0
rank_specific_fraction,0.0
own_cadence_age_ratio,0.0
rank_span,0.0
rank_recentcore_span,0.0
minimum3_active_due_1.5,0.0
minimum3_active_due_2.0,0.0
minimum3_active_n_1.2,0.0
minimum3_active_n_1.5,0.0
rank_recentcore_regular_amount,0.0
minimum3_age,0.0
minimum1_recentcore_last_due14,0.0
