client_id,cloud,gym,insurance,mobile,music,software,streaming,none
C000013,0.006608446625,0.03669381187,0.006952963255,0.006732392728,0.1617363536,0.2284967937,0.2334145072,0.319364731
C000032,0.007942954618,0.4731918421,0.3673395857,0.00791215427,0.03599646932,0.008157310931,0.03691795144,0.06254173168
C000046,0.0103523631,0.01134939132,0.01076185235,0.6254432244,0.01165761975,0.01080423131,0.0118347396,0.3077965782
C000049,0.0310303258,0.03368604269,0.0319822605,0.4310160842,0.08948984525,0.03196840492,0.03939207055,0.3114349661
C000138,0.005299847947,0.007575031721,0.07627443653,0.006678387275,0.009224636766,0.006948258321,0.008754510129,0.8792448913
C000145,0.004941234531,0.005264457641,0.06683943415,0.004952994782,0.01233612519,0.2166914117,0.6529895331,0.03598480884
C000151,0.01076385759,0.291118677,0.01123500294,0.01072608277,0.01167365699,0.01111326722,0.5510473144,0.1023221411
C000199,0.011820948,0.002102576029,0.001954864732,0.2996557175,0.6094025791,0.002010259926,0.002309546975,0.07074350775
C000256,0.01121291497,0.7338755543,0.09646414929,0.01121322077,0.01286647671,0.01178268004,0.01263315364,0.1099518503
C000269,0.4191695603,0.008123849534,0.007297617939,0.02680705729,0.08343288718,0.2995116473,0.01910731356,0.1365500669
C000301,0.009971351515,0.2288007487,0.02258498559,0.2633936891,0.05115215897,0.01753300949,0.0205893218,0.3859747349
C000329,0.5864743676,0.002810810058,0.327360702,0.002898757116,0.004148620241,0.002578097968,0.004215527307,0.0695131178
C000357,0.01177411216,0.0139010373,0.01211841491,0.269277245,0.01599913126,0.01264107116,0.3204327097,0.3438562785
C000362,0.01465143381,0.01628773758,0.4828639706,0.01461244015,0.09633500819,0.01551233285,0.01744546153,0.3422916153
C000370,0.08162958986,0.003699724314,0.003341613758,0.003226710489,0.003621120144,0.1061515396,0.7752476517,0.02308205018
C000377,0.03200494252,0.01888839079,0.2238509993,0.0176157281,0.09321934254,0.01852232366,0.02044982436,0.5754484487
C000409,0.01504502694,0.01614059836,0.01548605977,0.01495018517,0.07218009236,0.3810973016,0.2751877309,0.2099130049
C000451,0.02599657928,0.01091067561,0.02772792126,0.01084650426,0.01128383347,0.2122750365,0.3917533304,0.3092061192
C000466,0.00660075064,0.006922657352,0.005331497315,0.006637710397,0.007094909235,0.006817409856,0.8932880638,0.06730700145
C000479,0.823875106,0.01366265584,0.0137512058,0.01341197146,0.01459100446,0.01391458795,0.01453460673,0.09225886174
C000483,0.02804870635,0.1405016938,0.3772272574,0.02783136569,0.03246448053,0.02880037819,0.03193676235,0.3331893557
C000486,0.007693442438,0.08399371245,0.0463823284,0.06931656638,0.2574002595,0.008113213539,0.2822214756,0.2448790017
C000487,0.7281101162,0.0859457463,0.02084620232,0.01142051498,0.02152134571,0.01196856507,0.01303191051,0.1071555989
C000515,0.004011708447,0.8167468194,0.004159002084,0.003983137297,0.00523504822,0.0709425547,0.005426166164,0.08949556366
C000562,0.003728795224,0.1352842604,0.0710911647,0.003829758294,0.004189220586,0.7518798114,0.005700462021,0.02429652739
C000565,0.0128231345,0.6056157297,0.01322222311,0.08570080847,0.03993019364,0.1045907571,0.01377605123,0.1243411023
C000572,0.01624566085,0.07906080196,0.01673653091,0.3163856486,0.08001688535,0.2255189011,0.0329731883,0.2330623829
C000573,0.008286308336,0.04301453888,0.008562367723,0.00820155987,0.0106168977,0.1180572531,0.5339914513,0.2692696232
C000593,0.0056454402,0.006689717078,0.005769560429,0.005595563442,0.007609126593,0.3697186478,0.4601246913,0.1388472531
C000601,0.616748801,0.006628364799,0.006285534735,0.2774520368,0.007218199925,0.006099716252,0.007397472998,0.07216987353
C000616,0.01396563191,0.4688584024,0.06234509208,0.01376387742,0.01653504295,0.2427194186,0.01623643062,0.165576104
C000643,0.5998488494,0.02161044059,0.03222833453,0.02999195194,0.1068764804,0.0207531075,0.04361005632,0.1450807793
C000653,0.9077969916,0.007908155237,0.03843467316,0.002588389791,0.002917335237,0.002468596228,0.002798451879,0.03508740692
C000655,0.002266604907,0.002585418289,0.003097004293,0.07048608012,0.004966162505,0.002408855315,0.00484204402,0.9093478305
C000673,0.7150989303,0.01998965062,0.04134281822,0.03435799947,0.04370098956,0.03157400089,0.0759224279,0.03801318306
C000691,0.004122690042,0.02796801565,0.004186936472,0.01477090483,0.08445227353,0.004452753422,0.05733216605,0.80271426
C000718,0.01948992004,0.007272850411,0.007071716405,0.00681780628,0.007219271035,0.007136116167,0.870992621,0.0739996987
C000745,0.09277765991,0.5702837448,0.1690671577,0.01160896612,0.03246612054,0.01205505257,0.01330328695,0.09843801141
C000774,0.01378265287,0.01518315891,0.6242088213,0.07503479272,0.01649186309,0.01482180682,0.01599512746,0.2244817768
C000779,0.007152688676,0.008280342478,0.007369667056,0.007107453097,0.008774300404,0.6586935951,0.1498026941,0.1528192591
C000790,0.01879381872,0.01990747364,0.2118354753,0.01886267668,0.07326652274,0.01955958872,0.02099188884,0.6167825554
C000798,0.007103463219,0.007400590883,0.0716339813,0.008398480104,0.1909897345,0.007345192184,0.6579327095,0.04919584836
C000812,0.009440550887,0.008361171767,0.007423659158,0.1295736126,0.009296278551,0.3063253834,0.4151865232,0.1143928204
C000855,0.004670007189,0.004971305342,0.1233014601,0.004672708262,0.005258119253,0.8137260304,0.005144044555,0.03825632494
C000879,0.03507903474,0.005994062345,0.04503317977,0.005495986345,0.00635935535,0.7780526505,0.08561574327,0.03836998763
C000909,0.01043314168,0.6786118859,0.01085885014,0.010397437,0.01352078257,0.1459861374,0.01375435717,0.1164374081
C000946,0.1892621688,0.01723943911,0.03199407273,0.1359875246,0.0190263884,0.01672475648,0.4704602534,0.1193053964
C000947,0.00361194315,0.004349293188,0.8535286429,0.003677470444,0.004913097649,0.004003657231,0.004834020335,0.1210818751
C000963,0.7145562452,0.02012242712,0.01442872825,0.01360482194,0.01677960128,0.0142367493,0.01639524342,0.1898761835
C001010,0.01073416493,0.0121756117,0.01103142182,0.06261685255,0.2346345423,0.01134093013,0.4172578798,0.2402085968
C001036,0.01130658035,0.01223626098,0.0115666933,0.01110414118,0.7975892721,0.01168048945,0.01335610834,0.1311604543
C001039,0.007066736668,0.4155607469,0.359427226,0.007271060894,0.008038099053,0.1425886675,0.007948685245,0.05209877771
C001048,0.02810052135,0.03097684525,0.1149238206,0.06389042852,0.08565815695,0.1068843031,0.08211690164,0.4874490226
C001059,0.005038206588,0.02837938576,0.09692949886,0.00507191666,0.01842389903,0.005422496919,0.006699839702,0.8340347565
C001091,0.008945965276,0.2419527876,0.2451983641,0.05219828038,0.01050416456,0.2925057814,0.01022671504,0.1384679417
C001111,0.00729223777,0.008051943944,0.00752806327,0.007301464111,0.008388655182,0.7886761421,0.008046028437,0.1647154652
C001133,0.07886586099,0.005292025488,0.215702135,0.005010491162,0.03115227627,0.005250836197,0.6160474585,0.04267891641
C001215,0.1405981562,0.01344146863,0.01285528404,0.6573444798,0.0139132038,0.0459383272,0.01402284763,0.1018862327
C001285,0.01708873925,0.06228631842,0.01754773764,0.01745454944,0.0377085562,0.01830088208,0.1545407536,0.6750724633
C001300,0.03343264506,0.01721779814,0.03546247748,0.03408225254,0.05178717281,0.06550482198,0.1197994377,0.6427133943
C001330,0.003825571924,0.004408937028,0.8851227868,0.003835962498,0.004568717427,0.01066003085,0.004437048992,0.08314094445
C001343,0.008328413631,0.09660234618,0.6703055689,0.07561584114,0.01393242393,0.05434258549,0.007191083243,0.07368173747
C001352,0.01773768922,0.02949311186,0.01842495524,0.01812161043,0.02660584562,0.2730404266,0.02686055967,0.5897158013
C001362,0.008100210504,0.008564623374,0.008566473117,0.008077741009,0.009704424787,0.008311337333,0.8686456749,0.08002951493
C001388,0.005007117994,0.006255971226,0.004062417609,0.005138033361,0.00953348995,0.008385867669,0.009230686175,0.952386416
C001394,0.007539703758,0.02253910864,0.04792443935,0.007605582448,0.009024634268,0.07846943404,0.008576520349,0.8183205772
C001454,0.3589295532,0.04792258682,0.4145903377,0.04214958793,0.008069506547,0.05657051623,0.008458582854,0.06330932864
C001473,0.002699844041,0.003043600087,0.1193737703,0.7406800048,0.008439532911,0.002863611363,0.03319923153,0.08970040497
C001505,0.01672001772,0.0187299516,0.2455416044,0.1331012877,0.02988312031,0.07007908493,0.02881084261,0.4571340907
C001508,0.01196280155,0.004651206398,0.0245169437,0.05822843772,0.005150243865,0.002651967563,0.004972306036,0.8878660932
C001535,0.006252032183,0.003652348291,0.003363396339,0.004190370211,0.00269162371,0.006253415616,0.002627945981,0.9709688677
C001544,0.00460885628,0.004628613126,0.004994992403,0.3821127546,0.2040684505,0.3636168563,0.00503416848,0.03093530836
C001546,0.008926606511,0.07265886803,0.01069231491,0.009050695637,0.8110953216,0.009376415161,0.009602915923,0.06859686219
C001566,0.01604444902,0.1186339064,0.08899106112,0.3413972575,0.0815732976,0.05450099304,0.05723383765,0.2416251977
C001638,0.02836221612,0.05298161549,0.05856207465,0.02805018148,0.06490686809,0.02949144554,0.1073301643,0.6303154343
C001657,0.004750321777,0.005365160822,0.004838585348,0.01847128852,0.005923497627,0.005083630908,0.005850576922,0.9497169381
C001667,0.06928232671,0.0312819677,0.01694651409,0.01399050895,0.02918959878,0.07702734244,0.03446018258,0.7278215587
C001691,0.01647365282,0.2240306856,0.0171180022,0.0167486731,0.04259567199,0.4628235036,0.04788995212,0.1723198585
C001725,0.0022665316,0.002606861924,0.004116657372,0.002312970731,0.001469473942,0.002411034001,0.003080955807,0.9817355146
C001728,0.01824822886,0.01960839994,0.01914911478,0.2258518936,0.02177147465,0.09426423246,0.02101662639,0.5800900293
C001733,0.00539326956,0.629898413,0.03983991097,0.08715622574,0.08351701198,0.02655451554,0.005974773938,0.1216658793
C001748,0.0205189218,0.001741751295,0.001554627454,0.001535301212,0.7306743832,0.1988655684,0.001991623388,0.04311782317
C001803,0.806357618,0.005619555257,0.004652894632,0.02907262348,0.009341149059,0.05410828306,0.005783141708,0.08506473483
C001835,0.02283503115,0.03079279994,0.02383871783,0.6867990354,0.009358829095,0.07179522109,0.08839230068,0.06618806483
C001845,0.007397441647,0.007968023385,0.007621161896,0.3785002483,0.5194180861,0.007628497798,0.008382049069,0.0630844918
C001862,0.04466192367,0.009121800009,0.6906846629,0.00860707349,0.01006292794,0.008842730293,0.009812778467,0.2182061032
C001874,0.006502153798,0.7830136251,0.006720266359,0.00642227049,0.1316034438,0.008573821805,0.007542560866,0.04962185783
C001876,0.01598290603,0.017012486,0.02168313734,0.01601128899,0.3242497025,0.01662288882,0.1482712083,0.440166382
C001889,0.01013216645,0.006986961306,0.006422904262,0.03503242421,0.002790594873,0.03083697687,0.003265385617,0.9045325864
C001892,0.00651366564,0.3138773242,0.006644594371,0.01199784201,0.008183964704,0.441715858,0.1194140772,0.09165267385
C001924,0.0282217574,0.0058736271,0.005634021535,0.005407062601,0.006447980963,0.008082506558,0.006246970087,0.9340860738
C001938,0.03033265161,0.3640507845,0.1023656589,0.03928671359,0.01862874194,0.01619305794,0.01864613501,0.4104962565
C001971,0.01147211116,0.03148036656,0.03565911681,0.4844700147,0.1183426151,0.01221978732,0.01490233732,0.2914536511
C001991,0.01334030993,0.01440398117,0.01518850026,0.486192608,0.01731292772,0.01405757738,0.01651015601,0.4229939395
C001992,0.006599251781,0.2554842246,0.006792554619,0.3933828752,0.09250886245,0.007151209107,0.1074561931,0.1306248291
C002023,0.2731855674,0.002875761928,0.5647460342,0.00259667373,0.02895452561,0.002608054047,0.03669880679,0.08833457625
C002030,0.01032351086,0.01129471945,0.01063072693,0.1544084466,0.1152568774,0.4801768476,0.1055556598,0.1123532113
C002038,0.6080378427,0.1536977455,0.01425750799,0.01361420741,0.01517147479,0.06400267524,0.01484731677,0.1163712295
C002048,0.006768844802,0.3561290826,0.006909603186,0.006770942307,0.3942114161,0.04705481041,0.05659928655,0.1255560141
C002071,0.008197263779,0.009108003606,0.008705478193,0.4817677799,0.01430756263,0.277543388,0.01369940829,0.1866711156
C002090,0.006948922768,0.005571459776,0.8676912281,0.005248559329,0.03824558835,0.005514076441,0.02545767992,0.04532248535
C002105,0.00443766578,0.005072674428,0.8725440516,0.004522265548,0.005635269051,0.005590027403,0.005268135266,0.09692991095
C002109,0.2306066566,0.01153370028,0.07119492399,0.01022865379,0.01354281614,0.2504371377,0.1452596521,0.2671964594
C002141,0.003442295791,0.01200381661,0.8286947297,0.003014348831,0.05437688145,0.003693197446,0.00446719354,0.09030753665
C002159,0.01305318593,0.01384202423,0.01353004586,0.01298689442,0.4516188721,0.05073495948,0.01392908118,0.4303049368
C002161,0.00337848465,0.7857367046,0.003520559585,0.003378390009,0.004201186673,0.006944282339,0.1049813678,0.08785902434
C002180,0.7179604689,0.002402324544,0.002167509889,0.1643472306,0.01988607142,0.002242231977,0.05513491008,0.03585925256
C002185,0.04850368675,0.002566465558,0.002400421052,0.002277905941,0.919398669,0.002362132004,0.002816775152,0.01967394456
C002231,0.007605751996,0.008141427978,0.007920895391,0.3676987381,0.008500205737,0.00801860959,0.4756082884,0.1165060828
C002244,0.008915873638,0.1396277798,0.6241789367,0.008859368322,0.1371236105,0.009183644089,0.008968216797,0.0631425701
C002259,0.0118616016,0.01243296705,0.01224727049,0.1647374033,0.6832463816,0.01201423485,0.01321965402,0.09024048702
C002263,0.09659262112,0.002901063471,0.002594886495,0.002526551748,0.003339813507,0.8322241309,0.003284753089,0.05653617963
C002289,0.1270779992,0.009065962893,0.06245681831,0.03640132029,0.5723177958,0.06577194868,0.01665672459,0.1102514302
C002306,0.003394189229,0.8067167636,0.0381428762,0.003348879902,0.0526850573,0.02307823993,0.05090870103,0.02172529277
C002317,0.001723676012,0.004028010604,0.003669716453,0.03827452412,0.04746801676,0.03169008046,0.03714046095,0.8360055146
C002326,0.04384273409,0.01107849243,0.5496881896,0.01003827374,0.1596829457,0.0105572022,0.09520217643,0.1199099858
C002328,0.00722239927,0.008025935676,0.4280212074,0.005747114445,0.009701827759,0.121861271,0.3092369548,0.1101832897
C002336,0.002045936941,0.3223965796,0.06061499581,0.5341463132,0.002694517967,0.01473079223,0.002790251902,0.0605806123
C002340,0.001819648438,0.3532814931,0.08471019633,0.001953219387,0.4977890535,0.002004512804,0.003265274676,0.0551766018
C002357,0.06965953854,0.0128764669,0.01175007668,0.6933736229,0.01403458121,0.004805705591,0.01411137066,0.1793886375
C002385,0.01354468353,0.01524627014,0.2098926307,0.01344610585,0.09558607605,0.01763412983,0.08031654471,0.5543335592
C002393,0.02094675275,0.02302752004,0.02207081762,0.1586451724,0.02705728565,0.02262474828,0.2461034621,0.4795242412
C002410,0.01115475533,0.08396157982,0.2015670994,0.06657519414,0.01284410484,0.08727568236,0.438138204,0.09848338013
C002417,0.006404791971,0.007284169885,0.006614304358,0.4343846703,0.0323871788,0.006769086891,0.3935599947,0.1125958031
C002505,0.03659591934,0.006444248685,0.485622041,0.005545547222,0.3195298509,0.006054549593,0.007380913324,0.13282693
C002509,0.01430130834,0.01634051501,0.09271889422,0.05181197723,0.03465027664,0.4940402704,0.01726865645,0.2788681017
C002513,0.1121313171,0.8343279854,0.008549078004,0.00228284658,0.002716451257,0.002449028033,0.002632532267,0.03491076127
C002524,0.01061009387,0.01133820915,0.548115503,0.0316665345,0.01257931066,0.02837615116,0.01214069725,0.3451735004
C002547,0.009293967154,0.5836428071,0.1186521684,0.1719531955,0.009979127155,0.009685136201,0.009765041071,0.08702855737
C002556,0.005024490515,0.03833165303,0.03439171883,0.01246345472,0.006295218497,0.02334113585,0.7683197046,0.1118326239
C002576,0.01734041189,0.03324556836,0.01820212687,0.02522496951,0.2145138345,0.01888553578,0.1126350128,0.5599525402
C002614,0.2786697236,0.1013171307,0.01066395766,0.01018802287,0.4732971242,0.01069162847,0.01247354246,0.1026988699
C002659,0.001521185379,0.01347925155,0.002294474512,0.001578602214,0.9075278744,0.001666662029,0.003449995736,0.0684819542
C002675,0.04322756601,0.02376230498,0.02318536977,0.02177342264,0.0266307693,0.0229165258,0.02597886768,0.8125251738
C002724,0.0086761128,0.004880715921,0.009214921231,0.2146565364,0.011101048,0.008881348392,0.6796812839,0.06290803338
C002728,0.006553585711,0.007042234093,0.5484211799,0.006626908364,0.007686160836,0.006927692685,0.3249033435,0.09183889496
C002735,0.005048243217,0.5034057552,0.00517576565,0.004994266447,0.006392013945,0.005399838022,0.01934536388,0.4502387536
C002745,0.002501318897,0.841663159,0.002594379792,0.002505344754,0.09606732146,0.002663405532,0.01154249907,0.04046257149
C002748,0.8320343837,0.05162214707,0.003416759046,0.00337240036,0.007143573131,0.00353487851,0.004901874458,0.09397398377
C002763,0.01539729839,0.452418166,0.2728526177,0.01518733208,0.01052970341,0.01616009558,0.0102638434,0.2071909434
C002776,0.01291667853,0.01407467585,0.01325315049,0.01269950068,0.01519716568,0.01333910749,0.7600465812,0.15847314
C002784,0.03760018197,0.3435231451,0.0376411921,0.0203013115,0.05594856394,0.02761872318,0.1317329847,0.3456338975
C002787,0.008284234471,0.00922130245,0.008626928259,0.01196506721,0.8798732651,0.008548923519,0.009475519189,0.06400475977
C002811,0.004583806991,0.4570084213,0.08845632416,0.004695725468,0.06265104602,0.293874249,0.009341417762,0.07938900927
C002824,0.009264822275,0.009919449748,0.0095051815,0.6142030801,0.01118834933,0.2639764736,0.01093856032,0.07100408321
C002854,0.008209099788,0.009544819504,0.1127908817,0.008337464949,0.2335057007,0.008941233563,0.01048346781,0.6081873319
C002864,0.4111771308,0.01451391273,0.01405930518,0.01349339018,0.1712269681,0.01414244969,0.1560160942,0.2053707492
C002874,0.07151145883,0.05971078491,0.02525422671,0.3159023617,0.0270447886,0.02600701927,0.02634786809,0.4482214918
C002936,0.01436598972,0.3575365685,0.01486849512,0.4307474348,0.01627907797,0.01487972013,0.01621219779,0.1351105159
C002968,0.0130684261,0.01410741618,0.01357272913,0.7126729059,0.01487080277,0.01708777025,0.01466650487,0.1999534448
C002982,0.240321504,0.003388498022,0.003207003533,0.003011999606,0.004338034217,0.6421830622,0.004189361241,0.09936053717
C002983,0.01093396515,0.01042629547,0.01122084752,0.01076272438,0.2929982776,0.01163012888,0.1303735477,0.5216542133
C003016,0.1062173295,0.412792024,0.01318865982,0.0127055518,0.04056743754,0.01317261082,0.05065473482,0.3507016518
C003033,0.02066875765,0.0221754103,0.3644321024,0.02044436251,0.04168278053,0.02147111261,0.04174574453,0.4673797295
C003045,0.1279371059,0.106358675,0.005149587448,0.01116369693,0.4517023419,0.01326552862,0.1704337691,0.1139892951
C003052,0.02108196033,0.02277007243,0.03567908699,0.0369685378,0.02374416152,0.02174742907,0.02390889057,0.8140998613
C003097,0.01683167227,0.2084292937,0.0195375708,0.01693318701,0.0987836834,0.2607016274,0.2608128198,0.1179701456
C003102,0.01556075454,0.01661985577,0.01616330577,0.7433740999,0.01881332379,0.01622293036,0.01826903433,0.1549766955
C003151,0.08934545231,0.03066259576,0.1283280839,0.02910212406,0.03168947538,0.03038455353,0.03247701486,0.6280107002
C003219,0.00446686123,0.00494229867,0.004593349708,0.02018848866,0.005357413236,0.07450777969,0.8266545159,0.05928929287
C003222,0.75580393,0.0147689135,0.01414964285,0.0135365748,0.01737687293,0.01409522926,0.01686542461,0.153403412
C003245,0.7866401514,0.003332412254,0.1178772197,0.002910212073,0.009403205012,0.003061570118,0.003840252421,0.07293497702
C003262,0.003868903506,0.003348022549,0.7553481485,0.003882242392,0.004336079027,0.0257148938,0.1468713967,0.05663031352
C003277,0.01616929975,0.01702242806,0.01704724953,0.01626375116,0.01858567255,0.7713524631,0.01817850206,0.1253806338
C003300,0.02482569477,0.02668615438,0.02605472174,0.02470505329,0.01006434138,0.0259648009,0.02364775753,0.838051476
C003304,0.002996105029,0.823022284,0.01850659957,0.002968267732,0.07849592687,0.003152594466,0.003935365699,0.0669228566
C003317,0.5303243321,0.05059493738,0.01061979285,0.0102322765,0.01196879857,0.2777591894,0.01185359145,0.09664708172
C003318,0.01011121502,0.01102507818,0.7647458283,0.01014925228,0.01210913755,0.01045785685,0.01198952141,0.1694121104
C003321,0.007317615477,0.01016397581,0.002760816765,0.01032526398,0.003426225749,0.01359695461,0.01690565365,0.935503494
C003337,0.3487551682,0.00566557899,0.005516865375,0.005138965302,0.006056855663,0.5435774866,0.005684207098,0.07960487278
C003344,0.009214103706,0.6976250974,0.009478109048,0.1118169938,0.0112880252,0.02371693206,0.01087680757,0.1259839313
C003350,0.005569433237,0.006316295442,0.03590075541,0.00562742523,0.006503563688,0.005962259158,0.006380231918,0.9277400359
C003351,0.009978179328,0.8270010976,0.01014597903,0.009896650934,0.01133853865,0.01035921261,0.01168653198,0.1095938099
C003368,0.009062947814,0.2521757374,0.5985561508,0.009206477318,0.01057875671,0.009576789069,0.04042732753,0.07041581336
C003390,0.003653881284,0.0211460747,0.003755207778,0.4629415475,0.3790321171,0.02366531839,0.0068225114,0.09898334189
C003402,0.01767338552,0.02093062959,0.2448859285,0.01770566183,0.02211533331,0.01881388038,0.02449996712,0.6333752138
C003417,0.09509760859,0.0561831218,0.6524834615,0.005687192962,0.006067939758,0.005903026375,0.1378342217,0.04074342737
C003464,0.001398427312,0.0015881257,0.001433442291,0.001420746611,0.02694966804,0.001490760165,0.9126633139,0.05305551603
C003465,0.01865668787,0.2072977427,0.007412362979,0.00322568763,0.6901671603,0.003481538771,0.004225699455,0.0655331203
C003471,0.006515648803,0.006645808908,0.050220152,0.4566826356,0.1760448198,0.2546249806,0.005111066305,0.04415488798
C003503,0.4121466007,0.02255449423,0.008743545345,0.03262830959,0.01166474725,0.09257853212,0.03737684441,0.3823069263
C003525,0.0413009094,0.01116643232,0.04260060558,0.6631391638,0.01220696313,0.01084396825,0.01415472717,0.2045872303
C003533,0.01778161719,0.03360728313,0.07553909961,0.0214348335,0.04555270468,0.3001217966,0.2476131329,0.2583495325
C003554,0.9256001725,0.004697717439,0.0243798104,0.003999033003,0.003966228466,0.003972124676,0.003857253375,0.02952766009
C003565,0.1772172804,0.7816197361,0.003096341805,0.003003492433,0.00359234352,0.003098283369,0.003531796923,0.02484072542
C003603,0.002313096245,0.0007057249566,0.002554676061,0.002476360339,0.0007731328651,0.002524224654,0.003092793921,0.985559991
C003627,0.02096642086,0.001912132439,0.9456494107,0.001738173951,0.005083645035,0.001806079869,0.004387258641,0.01845687851
C003633,0.1532132437,0.1093775096,0.057803104,0.1154575928,0.2109070284,0.1090824999,0.02168785464,0.2224711669
C003671,0.008377822336,0.007875522898,0.004154159956,0.003896434931,0.004928789982,0.004325258411,0.001888680319,0.9645533312
C003678,0.1390945395,0.01041875571,0.04442364141,0.0538639409,0.0117414453,0.01021080236,0.06170793545,0.6685389394
C003682,0.5854896509,0.00978999815,0.1609599993,0.01502013699,0.01107492702,0.1385332889,0.01095886311,0.06817313568
C003729,0.01411172589,0.0163660133,0.01426760247,0.01394506492,0.0734431396,0.08992165062,0.01778893647,0.7601558667
C003749,0.12097334,0.1149596121,0.02676439964,0.006261983226,0.01042589475,0.5571933889,0.008586469148,0.1548349123
C003759,0.01167514228,0.01240428937,0.01230545984,0.01176809024,0.01285281595,0.02485066306,0.7986449606,0.1154985786
C003761,0.008248995031,0.03243824793,0.09204372153,0.008354542956,0.3576291811,0.3758249445,0.009793131934,0.1156672351
C003777,0.006030750829,0.3441583238,0.04255601865,0.006047220623,0.03006050555,0.01678180308,0.5064139241,0.0479514534
C003800,0.01544247719,0.02481788631,0.7610880928,0.01532540217,0.0176193033,0.01607515102,0.01719389385,0.1324377933
C003841,0.01496906392,0.01587660152,0.0155716662,0.01482691698,0.01729403682,0.01558585224,0.7551534507,0.1507224116
C003861,0.002169684512,0.005245295223,0.01007106154,0.002186827724,0.004784839146,0.002358536808,0.005105692966,0.9680780621
C003863,0.08710844941,0.01054944383,0.09442364841,0.1255367647,0.01413639411,0.009306991473,0.4829156835,0.1760226246
C003865,0.09249814769,0.01367171123,0.006687841943,0.006604117555,0.01029131424,0.006903276873,0.01009997245,0.853243618
C003868,0.01135408599,0.05524474337,0.1066150014,0.01128252085,0.2963141636,0.3780733492,0.01363160055,0.127484535
C003895,0.1025487833,0.004862243857,0.03834885416,0.00437948502,0.7948859149,0.004608187647,0.005224522039,0.04514200913
C003916,0.1255404165,0.63047881,0.008336269801,0.007286452331,0.009025011299,0.007529085828,0.008711241971,0.2030927122
C003956,0.013839567,0.03223323885,0.003200198114,0.142318417,0.7046450035,0.06481302821,0.003805466766,0.03514508052
C003958,0.007577400256,0.008161798974,0.1543300253,0.06124118758,0.5713898466,0.1255551573,0.007110278954,0.06463430505
C003977,0.04159114509,0.02194403753,0.01954490152,0.172105822,0.0376392706,0.02051073547,0.1272581181,0.5594059697
C003983,0.009428473426,0.01029577763,0.009763861871,0.2273971722,0.01113219668,0.009684630627,0.651675524,0.07062236355
C003996,0.2378730704,0.009423815188,0.01074122177,0.04884823531,0.01040338887,0.008976112227,0.120094381,0.5536397753
